,timeline,rank,title_id,episode,sort_type
0,2020-04-25 12:07:24,1,651673,477화 이자벨 작가,favorite
1,2020-04-25 12:07:24,2,597447,제332화 금발 남학생 (3),favorite
2,2020-04-25 12:07:24,3,737018,22화 새 엄마 2화,favorite
3,2020-04-25 12:07:24,4,727188,54화 : 누가 다 먹었지?,favorite
4,2020-04-25 12:07:24,5,721948,69화,favorite
5,2020-04-25 12:07:24,6,650305,2부174화 대방모(母)의 계획3,favorite
6,2020-04-25 12:07:24,7,739292,14화 나는 네가 싫어,favorite
7,2020-04-25 12:07:24,8,728015,103화. 고깃집 알바하는 만화 (2),favorite
8,2020-04-25 12:07:24,9,703843,104화,favorite
9,2020-04-25 12:07:24,10,730204,42,favorite
10,2020-04-25 12:07:24,1,730204,특별편,update
11,2020-04-25 12:07:24,2,730204,103화. 고깃집 알바하는 만화 (2),update
12,2020-04-25 12:07:24,3,730204,81화,update
13,2020-04-25 12:07:24,4,730204,시즌2 355화 이겨내자 코로나19! 4(마무리),update
14,2020-04-25 12:07:24,5,730204,477화 이자벨 작가,update
15,2020-04-25 12:07:24,6,730204,124. WINNER,update
16,2020-04-25 12:07:24,7,730204,69화,update
17,2020-04-25 12:07:24,8,730204,58화,update
18,2020-04-25 12:07:24,9,730204,42화,update
19,2020-04-25 12:07:24,10,730204,29화  과숙체락,update
