,timeline,rank,title_id,age,gender
0,2020-04-25 12:24:39,1,651673,10,W
1,2020-04-25 12:24:39,2,597447,10,W
2,2020-04-25 12:24:39,3,739292,10,W
3,2020-04-25 12:24:39,4,728015,10,W
4,2020-04-25 12:24:39,5,725552,10,W
5,2020-04-25 12:24:39,1,651673,20,W
6,2020-04-25 12:24:39,2,739292,20,W
7,2020-04-25 12:24:39,3,728015,20,W
8,2020-04-25 12:24:39,4,730204,20,W
9,2020-04-25 12:24:39,5,725552,20,W
10,2020-04-25 12:24:39,1,651673,30,W
11,2020-04-25 12:24:39,2,730204,30,W
12,2020-04-25 12:24:39,3,724815,30,W
13,2020-04-25 12:24:39,4,741894,30,W
14,2020-04-25 12:24:39,5,616239,30,W
15,2020-04-25 12:24:39,1,597447,10,M
16,2020-04-25 12:24:39,2,721948,10,M
17,2020-04-25 12:24:39,3,730694,10,M
18,2020-04-25 12:24:39,4,703630,10,M
19,2020-04-25 12:24:39,5,715159,10,M
20,2020-04-25 12:24:39,1,737018,20,M
21,2020-04-25 12:24:39,2,727188,20,M
22,2020-04-25 12:24:39,3,721948,20,M
23,2020-04-25 12:24:39,4,650305,20,M
24,2020-04-25 12:24:39,5,703843,20,M
25,2020-04-25 12:24:39,1,737018,30,M
26,2020-04-25 12:24:39,2,727188,30,M
27,2020-04-25 12:24:39,3,650305,30,M
28,2020-04-25 12:24:39,4,703843,30,M
29,2020-04-25 12:24:39,5,737377,30,M
