,year,title,title_id
0,2005,골방환상곡,15441
1,2005,바나나걸,15395
2,2005,사랑in,15439
3,2006,골방환상곡,15441
4,2006,마음의소리,20853
5,2006,바나나걸,15395
6,2006,사랑in,15439
7,2006,수사9단,15568
8,2006,와탕카,15938
9,2006,입시명문사립 정...,15640
10,2006,타투,15569
11,2006,히어로메이커,21815
12,2006,AA,20762
13,2007,골방환상곡,15441
14,2007,구석구석캠페인,24777
15,2007,까뱅,22073
16,2007,낢이사는이야기,22045
17,2007,노블레스,25455
18,2007,도자기,22090
19,2007,마술사,24965
20,2007,마음의소리,20853
21,2007,바나나걸,15395
22,2007,사랑in,15439
23,2007,삼국전투기,22027
24,2007,세개의시간,24995
25,2007,수사9단,15568
26,2007,싸우자귀신아,23182
27,2007,에피소드메이비,22043
28,2007,입시명문사립 정...,15640
29,2007,체스아일,22037
30,2007,탐구생활2,24525
31,2007,태왕광개토,25050
32,2007,트라우마,22052
33,2007,펫다이어리,23183
34,2007,핑크레이디,22896
35,2007,호랭총각,22897
36,2007,히어로메이커,21815
37,2007,AA,20762
38,2007,MLB카툰,24530
39,2008,개편 축하 릴레...,50422
40,2008,고향의꽃,26115
41,2008,골방환상곡,15441
42,2008,구석구석캠페인,24777
43,2008,낢이사는이야기,22045
44,2008,남기한엘리트만들기,55150
45,2008,내가 결혼할 때...,55120
46,2008,내일은 럭키곰스타,25897
47,2008,노블레스,25455
48,2008,러브판타지페이퍼,25904
49,2008,레드초콜릿,26671
50,2008,리얼주주,51007
51,2008,마술사,24965
52,2008,마음의소리,20853
53,2008,반지의제왕,26440
54,2008,삼국전투기,22027
55,2008,새끼손가락,26107
56,2008,생활의참견,25613
57,2008,세개의시간,24995
58,2008,수사9단,15568
59,2008,스쿨홀릭,52946
60,2008,식스센스,25517
61,2008,심장이뛰다,26086
62,2008,싸우자귀신아,23182
63,2008,어서오세요.30...,25735
64,2008,언더프린,26108
65,2008,에피소드메이비,22043
66,2008,열쇠줍는아이,26084
67,2008,와라! 편의점,26316
68,2008,와탕카2,26101
69,2008,우월한하루,52993
70,2008,은하연인전,51006
71,2008,일상날개짓,55143
72,2008,일편단심화,26216
73,2008,입시명문사립 정...,15640
74,2008,제로,25714
75,2008,창위의일루젼,26431
76,2008,체스아일,22037
77,2008,취업의소리,26144
78,2008,카라멜마끼아또,26074
79,2008,크레이지 커피 캣,25913
80,2008,탐구생활2,24525
81,2008,탐구생활3,26114
82,2008,태왕광개토,25050
83,2008,트라우마,22052
84,2008,펫다이어리,23183
85,2008,펫다이어리2.런,25898
86,2008,핑크레이디,22896
87,2008,향수,25695
88,2008,호랭총각,22897
89,2008,히어로메이커,21815
90,2008,MLB카툰,24530
91,2008,N의등대-bus...,26460
92,2008,N의등대-the...,26456
93,2008,N의등대-눈의등대,26458
94,2008,N의등대-도망자,26473
95,2008,3단합체김창남,26310
96,2009,가족사진,58293
97,2009,개판,72939
98,2009,겨울동화,113121
99,2009,고(故)노무현 ...,69113
100,2009,고고루키루,89097
101,2009,고향의꽃,26115
102,2009,구름의 노래,63454
103,2009,그린스마일,72938
104,2009,나는 어디에 있...,72498
105,2009,나이트런,64997
106,2009,낢이사는이야기,22045
107,2009,남기한엘리트만들기,55150
108,2009,내가 결혼할 때...,55120
109,2009,내일은 럭키곰스타,25897
110,2009,노블레스,25455
111,2009,놓지마 정신줄,81482
112,2009,두근두근두근거려,65410
113,2009,러브판타지페이퍼,25904
114,2009,레드초콜릿,26671
115,2009,로봇빠찌,70920
116,2009,리얼주주,51007
117,2009,마술사,24965
118,2009,마음의소리,20853
119,2009,몽타주,89098
120,2009,묵회,63453
121,2009,번개기동대 20...,69297
122,2009,번데기스,67340
123,2009,보톡스,63129
124,2009,불량 뱀파이어,63455
125,2009,비흔,72497
126,2009,사노라면,66913
127,2009,삵의 발톱,96908
128,2009,삼국전투기,22027
129,2009,새끼손가락,26107
130,2009,생활의참견,25613
131,2009,세개의시간,24995
132,2009,소설가J,94761
133,2009,수사9단,15568
134,2009,슈퍼트리오,57875
135,2009,스쿨홀릭,52946
136,2009,실질객관동화,70046
137,2009,심장이뛰다,26086
138,2009,싸우자귀신아,23182
139,2009,아부쟁이,113119
140,2009,아스란영웅전,112931
141,2009,악연,94760
142,2009,어서오세요.30...,25735
143,2009,언더프린,26108
144,2009,연,73352
145,2009,연옥님이 보고계셔,58219
146,2009,열쇠줍는아이,26084
147,2009,와라! 편의점,26316
148,2009,와라편의점 th...,92106
149,2009,우월한하루,52993
150,2009,은하연인전,51006
151,2009,이말년씨리즈,103759
152,2009,일상날개짓,55143
153,2009,일편단심화,26216
154,2009,입시명문사립 정...,15640
155,2009,지금 우리 학교는,67235
156,2009,진진돌이 에볼루션,69296
157,2009,징글정글,103391
158,2009,창위의일루젼,26431
159,2009,카라멜마끼아또,26074
160,2009,크레이지 커피 캣,25913
161,2009,탐구생활3,26114
162,2009,판다독,61731
163,2009,판타스틱 어른백서,78805
164,2009,패밀리맨,76759
165,2009,펫다이어리2.런,25898
166,2009,플루타크 영웅전,62251
167,2009,핑크레이디,22896
168,2009,핑크레이디 클래식,68684
169,2009,호랭총각,22897
170,2009,흐드러지다,72499
171,2009,히어로메이커,21815
172,2009,MLB카툰,24530
173,2009,N의등대-bus...,26460
174,2009,N의등대-the...,26456
175,2009,N의등대-눈의등대,26458
176,2009,N의등대-도망자,26473
177,2009,"17살, 그 여...",76758
178,2010,가족사진,58293
179,2010,개판,72939
180,2010,거상 김만덕,147175
181,2010,겨울동화,113121
182,2010,견우와 직녀,233265
183,2010,고(故)길창덕화...,132459
184,2010,고고루키루,89097
185,2010,공부하기 좋은 날,163295
186,2010,구름의 노래,63454
187,2010,국가의 탄생,170785
188,2010,굿모닝 스페이스,205528
189,2010,그런지,258207
190,2010,그린보이,226807
191,2010,그린스마일,72938
192,2010,나이트런,64997
193,2010,낢에게와요,148975
194,2010,낢이사는이야기,22045
195,2010,남기한엘리트만들기,55150
196,2010,노블레스,25455
197,2010,놓지마 정신줄,81482
198,2010,단군할배요,169081
199,2010,덴마,119874
200,2010,동경소녀,188199
201,2010,뜨거운 것이 좋...,160461
202,2010,러브슬립,243316
203,2010,레드초콜릿,26671
204,2010,리얼주주,51007
205,2010,리턴,277235
206,2010,마술사,24965
207,2010,마음의소리,20853
208,2010,멜로홀릭,142911
209,2010,몽타주,89098
210,2010,묵회,63453
211,2010,미호이야기,188197
212,2010,바이올린처럼.,150387
213,2010,방울토마토,251575
214,2010,별의 유언,259937
215,2010,보톡스,63129
216,2010,불량 뱀파이어,63455
217,2010,비흔,72497
218,2010,삵의 발톱,96908
219,2010,삼국전투기,22027
220,2010,색으로 말하다,112933
221,2010,생활의참견,25613
222,2010,세개의시간,24995
223,2010,소년전[Limi...,259893
224,2010,소설가J,94761
225,2010,수사9단,15568
226,2010,"스마일 브러시,...",183558
227,2010,스마일브러시,150389
228,2010,스쿨홀릭,52946
229,2010,스토커,254143
230,2010,신의 탑,183559
231,2010,실질객관동화,70046
232,2010,심부름센터 K,186814
233,2010,심장이뛰다,26086
234,2010,싸우자귀신아,23182
235,2010,아부쟁이,113119
236,2010,아스란영웅전,112931
237,2010,악연,94760
238,2010,안나라수마나라,179704
239,2010,야! 오이,148778
240,2010,어서오세요.30...,25735
241,2010,언더프린,26108
242,2010,연,73352
243,2010,연애세포,191347
244,2010,연옥님이 보고계셔,58219
245,2010,열쇠줍는아이,26084
246,2010,열아홉스물하나,206146
247,2010,옆집화랑,254132
248,2010,와라! 편의점,26316
249,2010,와라편의점 th...,92106
250,2010,와일드와일드워커스,144956
251,2010,우리들은 푸르다,243315
252,2010,유토피아,206149
253,2010,은하연인전,51006
254,2010,의령수,137706
255,2010,이말년씨리즈,103759
256,2010,일상날개짓,55143
257,2010,입시명문사립 정...,15640
258,2010,자율공상축구탐구...,164320
259,2010,증거,186813
260,2010,지금 우리 학교는,67235
261,2010,지원,268859
262,2010,진진돌이 에볼루션,69296
263,2010,질풍기획 시즌1,256855
264,2010,징글정글,103391
265,2010,커피우유신화,105533
266,2010,콘스탄쯔 이야기,140444
267,2010,쿠베라,131385
268,2010,크레이지 커피 캣,25913
269,2010,키스우드,169082
270,2010,탐구생활4-그대...,142910
271,2010,테제,226806
272,2010,특수 영능력 수...,160469
273,2010,판다독,61731
274,2010,판타스틱 어른백서,78805
275,2010,패밀리맨,76759
276,2010,펫다이어리2.런,25898
277,2010,폭풍의 전학생,150388
278,2010,프로젝트 X,258205
279,2010,피터팬날다,137710
280,2010,핑크레이디 클래식,68684
281,2010,혜성같은 소년,274400
282,2010,호랭총각,22897
283,2010,흐드러지다,72499
284,2010,히어로메이커,21815
285,2010,LOST,258206
286,2010,MLB카툰,24530
287,2010,MODERN B...,260510
288,2010,Penguin ...,169080
289,2010,"17살, 그 여...",76758
290,2011,가우스전자 시즌...,335885
291,2011,갓 오브 하이스쿨,318995
292,2011,개판,72939
293,2011,격투기특성화사립...,395442
294,2011,견우와 직녀,233265
295,2011,고고루키루,89097
296,2011,고삼이 집나갔다,400737
297,2011,고시생툰,317365
298,2011,국가의 탄생,170785
299,2011,굿모닝 스페이스,205528
300,2011,그 판타지 세계...,316909
301,2011,그런지,258207
302,2011,그린보이,226807
303,2011,그린스마일,72938
304,2011,기태류,325630
305,2011,길에서 만나다,336945
306,2011,까치우는 날,300957
307,2011,꽃밭에솔,414612
308,2011,나란의사 그런의사,387517
309,2011,나이트런,64997
310,2011,낢이사는이야기,22045
311,2011,남기한엘리트만들기,55150
312,2011,노블레스,25455
313,2011,놓지마 정신줄,81482
314,2011,다욤이의 다이어...,317362
315,2011,닥터 프로스트 ...,293523
316,2011,단군할배요,169081
317,2011,단편 할머니/나...,358286
318,2011,달콤한 인생,387518
319,2011,덴마,119874
320,2011,뜨거운 것이 좋...,160461
321,2011,라이징패스트볼,414611
322,2011,러브슬립,243316
323,2011,레드초콜릿,26671
324,2011,리버스,360613
325,2011,리얼주주,51007
326,2011,리턴,277235
327,2011,마술사,24965
328,2011,마음의소리,20853
329,2011,만화사랑 캠페인,409100
330,2011,멍순이,316908
331,2011,멜로홀릭,142911
332,2011,묵회,63453
333,2011,문아,374973
334,2011,미호이야기,188197
335,2011,바람이 머무는 난,414609
336,2011,바이올린처럼.,150387
337,2011,방울토마토,251575
338,2011,별의 유언,259937
339,2011,보톡스,63129
340,2011,봄이여 오라,308801
341,2011,봉봉오쇼콜라,316913
342,2011,부토,400738
343,2011,불량 뱀파이어,63455
344,2011,뷰티플 게임,301377
345,2011,블라인드 메르헨,389845
346,2011,비흔,72497
347,2011,사랑의 아쿠아리움,297796
348,2011,삵의 발톱,96908
349,2011,삼국전투기,22027
350,2011,생활의참견,25613
351,2011,세개의시간,24995
352,2011,소녀더와일즈,358422
353,2011,소년전[Limi...,259893
354,2011,수사9단,15568
355,2011,슈퍼트리오 시즌2,347685
356,2011,"스마일 브러시,...",183558
357,2011,스마트폰 게임 ...,403631
358,2011,스쿨홀릭,52946
359,2011,스토커,254143
360,2011,시간의 섬,325631
361,2011,신의 탑,183559
362,2011,실질객관동화,70046
363,2011,심심한 마왕,374974
364,2011,아부쟁이,113119
365,2011,아스란영웅전,112931
366,2011,안나라수마나라,179704
367,2011,야! 오이,148778
368,2011,어서오세요.30...,25735
369,2011,언더프린,26108
370,2011,얼룩말,374970
371,2011,에이머,400739
372,2011,역전! 야매요리,409630
373,2011,연 시즌2,407142
374,2011,연애세포,191347
375,2011,열쇠줍는아이,26084
376,2011,열아홉스물하나,206146
377,2011,영웅열공전,310617
378,2011,옆집화랑,254132
379,2011,오늘의 낭만부,337962
380,2011,오란씨100,336944
381,2011,오렌지 마말레이드,293520
382,2011,와라! 편의점,26316
383,2011,요리대마왕,284940
384,2011,우리들은 푸르다,243315
385,2011,우연일까?,318992
386,2011,움비처럼,332797
387,2011,원티드,310616
388,2011,웨스트우드 비브...,301382
389,2011,유토피아,206149
390,2011,은하연인전,51006
391,2011,이런 영웅은 싫어,400742
392,2011,이말년씨리즈,103759
393,2011,일상날개짓,55143
394,2011,입시명문사립 정...,15640
395,2011,잉잉잉,308751
396,2011,자율공상축구탐구...,164320
397,2011,죽은 마법사의 ...,409629
398,2011,지금 우리 학교는,67235
399,2011,지상 최악의 소년,337963
400,2011,지원,268859
401,2011,진진돌이 에볼루션,69296
402,2011,질풍기획 시즌1,256855
403,2011,징글정글,103391
404,2011,천년구미호,400740
405,2011,초록인간,400736
406,2011,카오스어택,400741
407,2011,커피우유신화,105533
408,2011,콘스탄쯔 이야기,140444
409,2011,쿠베라,131385
410,2011,크레이지 커피 캣,25913
411,2011,크리퍼스큘,297795
412,2011,키스우드,169082
413,2011,타임인조선,337964
414,2011,탈(TAL),316911
415,2011,테제,226806
416,2011,특수 영능력 수...,160469
417,2011,판다독,61731
418,2011,패션왕,325629
419,2011,폭풍의 전학생,150388
420,2011,프로젝트 X,258205
421,2011,핑크레이디 클래식,68684
422,2011,한섬세대,400735
423,2011,헬퍼,389848
424,2011,혈액형에 관한 ...,316914
425,2011,혜성같은 소년,274400
426,2011,호랭총각,22897
427,2011,흐드러지다,72499
428,2011,히어로메이커,21815
429,2011,힘내요 일본!-...,312979
430,2011,LOST,258206
431,2011,MLB카툰,24530
432,2011,MODERN B...,260510
433,2011,Penguin ...,169080
434,2011,S라인,409628
435,2011,2011 루키 ...,395444
436,2011,2011 미스테...,350217
437,2012,가우스전자 시즌...,335885
438,2012,갓 오브 하이스쿨,318995
439,2012,강시대소동,483796
440,2012,개판,72939
441,2012,격투기특성화사립...,395442
442,2012,경운기를 탄 왕...,524353
443,2012,고고루키루,89097
444,2012,고삼이 집나갔다,400737
445,2012,고시생툰,317365
446,2012,국가의 탄생,170785
447,2012,그 판타지 세계...,316909
448,2012,그녀는 흡!혈귀,507276
449,2012,그런지,258207
450,2012,그린보이,226807
451,2012,기사도,471181
452,2012,기타맨,460689
453,2012,기태류,325630
454,2012,길에서 만나다,336945
455,2012,꽃가족,505715
456,2012,꽃밭에솔,414612
457,2012,나란의사 그런의사,387517
458,2012,나의 목소리를 ...,514917
459,2012,나이트런,64997
460,2012,낢이사는이야기,22045
461,2012,네로의 실험실,507275
462,2012,네이버 앱피소드,498158
463,2012,노네임드(NoN...,460688
464,2012,노블레스,25455
465,2012,놓지마 정신줄,81482
466,2012,닥터 프로스트 ...,293523
467,2012,달콤한 인생,387518
468,2012,닭통령 계양반,511446
469,2012,당신만 몰라!,459545
470,2012,덴마,119874
471,2012,돌아온 럭키짱,449854
472,2012,뜨거운 것이 좋...,160461
473,2012,라이징패스트볼,414611
474,2012,러브슬립,243316
475,2012,레사(lessa),478262
476,2012,리버스,360613
477,2012,리얼주주,51007
478,2012,마술사,24965
479,2012,마음의소리,20853
480,2012,만화사랑 캠페인,409100
481,2012,멍순이,316908
482,2012,모던패밀리,521504
483,2012,모두에게 완자가,471283
484,2012,무한동력,500944
485,2012,문아,374973
486,2012,미숙한 친구는 ...,452117
487,2012,바람이 머무는 난,414609
488,2012,방과 후 전쟁활동,517773
489,2012,방울토마토,251575
490,2012,버프소녀 오오라,511444
491,2012,별의 유언,259937
492,2012,봄이여 오라,308801
493,2012,봉봉오쇼콜라,316913
494,2012,부토,400738
495,2012,블라인드 메르헨,389845
496,2012,비바 산티아고,423376
497,2012,비흔,72497
498,2012,빵점동맹,495498
499,2012,사또(Satto),515883
500,2012,사랑의 아쿠아리움,297796
501,2012,사랑일까?,492659
502,2012,삵의 발톱,96908
503,2012,삼국전투기,22027
504,2012,삼봉이발소,459546
505,2012,새벽9시,500943
506,2012,생활의참견,25613
507,2012,소녀더와일즈,358422
508,2012,소년전[Limi...,259893
509,2012,소울카르텔,423384
510,2012,슈퍼트리오 시즌2,347685
511,2012,스마트폰 게임 ...,403631
512,2012,스쿨홀릭,52946
513,2012,스페이스 차이나...,423383
514,2012,스페이스 킹,517252
515,2012,스펙트럼 분석기,520598
516,2012,시간의 섬,325631
517,2012,시큼새큼,509092
518,2012,신령,507638
519,2012,신의 탑,183559
520,2012,실질객관동화,70046
521,2012,심심한 마왕,374974
522,2012,아는사람 이야기,460686
523,2012,아부쟁이,113119
524,2012,아빠를 찾습니다,509093
525,2012,아스란영웅전,112931
526,2012,아이들의 권 선...,460687
527,2012,악당의 사연,443421
528,2012,야! 오이,148778
529,2012,어빌리티,511447
530,2012,언더클래스 히어로,497180
531,2012,언더프린,26108
532,2012,얼룩말,374970
533,2012,에이머,400739
534,2012,역전! 야매요리,409630
535,2012,연 시즌2,407142
536,2012,연애세포,191347
537,2012,영웅열공전,310617
538,2012,옆집화랑,254132
539,2012,오늘의 낭만부,337962
540,2012,오란씨100,336944
541,2012,와라! 편의점,26316
542,2012,요리대마왕,284940
543,2012,우리들은 푸르다,243315
544,2012,우주전함 몰라몰라,511454
545,2012,움비처럼,332797
546,2012,웃지 않는 개그...,503253
547,2012,원티드,310616
548,2012,월남특급,423377
549,2012,웨스트우드 비브...,301382
550,2012,위아더 능력자!,507274
551,2012,유토피아,206149
552,2012,이런 영웅은 싫어,400742
553,2012,이말년씨리즈,103759
554,2012,인형의 기사,520600
555,2012,일상날개짓,55143
556,2012,자율공상축구탐구...,164320
557,2012,제페토,440244
558,2012,조선좀비실록,509094
559,2012,좀비를 위한 나...,423392
560,2012,죽은 마법사의 ...,409629
561,2012,지상 최악의 소년,337963
562,2012,진진돌이 에볼루션,69296
563,2012,진진돌이 제로,520599
564,2012,질풍기획 시즌1,256855
565,2012,천년구미호,400740
566,2012,초록인간,400736
567,2012,카오스어택,400741
568,2012,커피우유신화,105533
569,2012,콘스탄쯔 이야기,140444
570,2012,쿠베라,131385
571,2012,크레이지 커피 캣,25913
572,2012,크리퍼스큘,297795
573,2012,키드갱,443422
574,2012,키드갱 시즌2,471286
575,2012,타임인조선,337964
576,2012,탈(TAL),316911
577,2012,투명살인,440437
578,2012,트럼프,524520
579,2012,특수 영능력 수...,160469
580,2012,파라다이스,502673
581,2012,판다독,61731
582,2012,패션왕,325629
583,2012,폭풍의 전학생,150388
584,2012,폭풍의 전학생 ...,434644
585,2012,플라스틱 걸,440439
586,2012,한 살이라도 어...,500945
587,2012,한섬세대,400735
588,2012,한줌물망초,462900
589,2012,헬퍼,389848
590,2012,혈액형에 관한 ...,316914
591,2012,호랭총각,22897
592,2012,후유증,471284
593,2012,히어로메이커,21815
594,2012,ENT.,481793
595,2012,LOST,258206
596,2012,MLB카툰,24530
597,2012,MODERN B...,260510
598,2012,MY OH,452116
599,2012,Penguin ...,169080
600,2012,SM 플레이어,521533
601,2012,S라인,409628
602,2012,wish-마녀의...,440447
603,2012,2012 루키 ...,499334
604,2012,2012 지구가...,490549
605,2013,가우스전자 시즌...,335885
606,2013,갓 오브 하이스쿨,318995
607,2013,강변살다,578108
608,2013,강시대소동,483796
609,2013,개판,72939
610,2013,격투기특성화사립...,395442
611,2013,경운기를 탄 왕...,524353
612,2013,고고루키루,89097
613,2013,고삼이 집나갔다,400737
614,2013,국립자유경제 고...,546624
615,2013,굿모닝 보스,548870
616,2013,그 판타지 세계...,316909
617,2013,그날의 생존자들,557678
618,2013,그녀는 흡!혈귀,507276
619,2013,그린보이,226807
620,2013,기기괴괴,557672
621,2013,기사도,471181
622,2013,기적! 우리에게...,528781
623,2013,기타맨,460689
624,2013,기태류,325630
625,2013,길에서 만나다,336945
626,2013,꽃가족,505715
627,2013,꽃밭에솔,414612
628,2013,나의 목소리를 ...,514917
629,2013,나이트런,64997
630,2013,낢이사는이야기,22045
631,2013,낮에 뜨는 달,551649
632,2013,내일은 웹툰,546750
633,2013,너와 너 사이,602930
634,2013,네가 없는 세상,578105
635,2013,네로의 실험실,507275
636,2013,노네임드(NoN...,460688
637,2013,노블레스,25455
638,2013,놓지마 정신줄,81482
639,2013,다이스(DICE),557676
640,2013,닥터 프로스트 ...,293523
641,2013,달콤한 인생,387518
642,2013,닭통령 계양반,511446
643,2013,당신만 몰라!,459545
644,2013,더 게이머,552960
645,2013,덴마,119874
646,2013,독신으로 살겠다,530312
647,2013,돌아온 럭키짱,449854
648,2013,동네변호사 조들...,546625
649,2013,드래곤레시피,602925
650,2013,라이징패스트볼,414611
651,2013,러브슬립,243316
652,2013,러브슬립 2부,578109
653,2013,레사 시즌2~3,603159
654,2013,레사(lessa),478262
655,2013,레인보우 로즈,546622
656,2013,리얼주주,51007
657,2013,리즌,579416
658,2013,마술사,24965
659,2013,마음의소리,20853
660,2013,맛집남녀,528784
661,2013,매지컬 고삼즈,597466
662,2013,모던패밀리,521504
663,2013,모두에게 완자가,471283
664,2013,모디파이,604146
665,2013,무한동력,500944
666,2013,문아,374973
667,2013,미선 임파서블,557674
668,2013,미숙한 친구는 ...,452117
669,2013,바람의 색,546620
670,2013,바람이 머무는 난,414609
671,2013,방과 후 전쟁활동,517773
672,2013,뱀파이어,563784
673,2013,버프소녀 오오라,511444
674,2013,비흔,72497
675,2013,빵점동맹,495498
676,2013,사또(Satto),515883
677,2013,사랑을 연기하다,528782
678,2013,사랑의 아쿠아리움,297796
679,2013,사랑의 외계인,537991
680,2013,사랑일까?,492659
681,2013,삵의 발톱,96908
682,2013,삼국전투기,22027
683,2013,새벽9시,500943
684,2013,새와 같이,546626
685,2013,샌프란시스코 화...,597449
686,2013,생활의참견,25613
687,2013,소나기야,578106
688,2013,소녀더와일즈,358422
689,2013,소년전[Limi...,259893
690,2013,소울카르텔,423384
691,2013,송곳 1~3부,602922
692,2013,수업시간그녀,557673
693,2013,스튜디오 짭쪼롬,597480
694,2013,스페이스 차이나...,423383
695,2013,스페이스 킹,517252
696,2013,스펙트럼 분석기,520598
697,2013,시간의 섬,325631
698,2013,시큼새큼,509092
699,2013,신령,507638
700,2013,신의 언어,602287
701,2013,신의 탑,183559
702,2013,실질객관영화,599232
703,2013,심심한 마왕,374974
704,2013,싸귀2 : 퇴마록,537990
705,2013,아는사람 이야기,460686
706,2013,아랫집 시누이,563782
707,2013,아빠를 찾습니다,509093
708,2013,아이들은 즐겁다,570502
709,2013,아이들의 권 선...,460687
710,2013,"아이소포스 1,...",570505
711,2013,악플게임,551651
712,2013,안 돼요 마왕님!,602923
713,2013,알게뭐야,546805
714,2013,어빌리티,511447
715,2013,언더클래스 히어로,497180
716,2013,언더프린,26108
717,2013,에이머,400739
718,2013,에피소드칵테일,579352
719,2013,역전! 야매요리,409630
720,2013,연애혁명,570503
721,2013,열무가 익어간다,570504
722,2013,영웅열공전,310617
723,2013,오늘의 낭만부,337962
724,2013,오빠 왔다,551650
725,2013,오성X한음,551648
726,2013,와라! 편의점,26316
727,2013,용이산다,568986
728,2013,우리들은 푸르다,243315
729,2013,우리의 이상한 ...,570696
730,2013,우주전함 몰라몰라,511454
731,2013,움비처럼,332797
732,2013,웃지 않는 개그...,503253
733,2013,원 뿔러스 원,597473
734,2013,원티드,310616
735,2013,월남특급,423377
736,2013,위아더 능력자!,507274
737,2013,윈드브레이커,602910
738,2013,은주의 방,579414
739,2013,이런 영웅은 싫어,400742
740,2013,이말년 서유기,602921
741,2013,인형의 기사,520600
742,2013,일상날개짓,55143
743,2013,장미아파트 공경비,537989
744,2013,제페토,440244
745,2013,조선좀비실록,509094
746,2013,좀비를 위한 나...,423392
747,2013,죄의 파편,592721
748,2013,죽은 마법사의 ...,409629
749,2013,진진돌이 제로,520599
750,2013,찌질의 역사,597481
751,2013,차차차,528785
752,2013,천년구미호,400740
753,2013,최강전설 강해효,570506
754,2013,카오스어택,400741
755,2013,칼부림,602916
756,2013,코끼리를 끌어안...,530311
757,2013,쿠베라,131385
758,2013,크리퍼스큘,297795
759,2013,키드갱 시즌2,471286
760,2013,킥,551647
761,2013,타임인조선,337964
762,2013,탈(TAL),316911
763,2013,터치! 메리크리...,604147
764,2013,투엔티스,532057
765,2013,트럼프,524520
766,2013,특수 영능력 수...,160469
767,2013,파라다이스,502673
768,2013,판다독,61731
769,2013,판타지스케치 -...,579417
770,2013,패션왕,325629
771,2013,평범한 8반,597478
772,2013,프리드로우,597447
773,2013,플로우,563785
774,2013,피리부는 남자,563787
775,2013,하나(HANA),557675
776,2013,한국만화거장전,590252
777,2013,한줌물망초,462900
778,2013,헬퍼,389848
779,2013,혈액형에 관한 ...,316914
780,2013,호랭총각,22897
781,2013,히어로메이커,21815
782,2013,ENT.,481793
783,2013,MY OH,452116
784,2013,"OH, MY G...",563786
785,2013,Penguin ...,169080
786,2013,SM 플레이어,521533
787,2013,2013 루키 ...,597593
788,2013,2013 전설의...,574303
789,2014,가우스전자 시즌...,335885
790,2014,갓 오브 하이스쿨,318995
791,2014,강변살다,578108
792,2014,강시대소동,483796
793,2014,격투기특성화사립...,395442
794,2014,공복의 저녁식사,642700
795,2014,국립자유경제 고...,546624
796,2014,국립자유경제고등...,621494
797,2014,굿모닝 보스,548870
798,2014,그 판타지 세계...,316909
799,2014,그날의 생존자들,557678
800,2014,그녀는 흡!혈귀,507276
801,2014,기기괴괴,557672
802,2014,기사도,471181
803,2014,기적! 우리에게...,528781
804,2014,꽃가족,505715
805,2014,나는 너를 보았다,628876
806,2014,나이트런,64997
807,2014,낢이사는이야기,22045
808,2014,남과 여,632341
809,2014,낮에 뜨는 달,551649
810,2014,너와 너 사이,602930
811,2014,네가 없는 세상,578105
812,2014,노네임드(NoN...,460688
813,2014,노블레스,25455
814,2014,녹두전,643123
815,2014,놓지마 정신줄,81482
816,2014,늘 푸른 찻집,608263
817,2014,다이스(DICE),557676
818,2014,닥터 프로스트 ...,293523
819,2014,당신만 몰라!,459545
820,2014,더 게이머,552960
821,2014,데드데이즈(DE...,628998
822,2014,덴마,119874
823,2014,독신으로 살겠다,530312
824,2014,돌아온 럭키짱,449854
825,2014,동네변호사 조들...,546625
826,2014,두근거려요,632344
827,2014,둥굴레차!,626939
828,2014,드래곤레시피,602925
829,2014,딥(DEEP),632705
830,2014,라이징패스트볼,414611
831,2014,러브슬립 2부,578109
832,2014,레드카펫,608259
833,2014,레사 시즌2~3,603159
834,2014,리얼주주,51007
835,2014,리즌,579416
836,2014,마녀사냥,622646
837,2014,마루한 - 구현...,624632
838,2014,마술사,24965
839,2014,마음의소리,20853
840,2014,매지컬 고삼즈,597466
841,2014,모던패밀리,521504
842,2014,모던패밀리 2,617882
843,2014,모두에게 완자가,471283
844,2014,모디파이,604146
845,2014,모태솔로수용소,622648
846,2014,문아,374973
847,2014,미결,607486
848,2014,미선 임파서블,557674
849,2014,미쳐 날뛰는 생...,616883
850,2014,바람이 머무는 난,414609
851,2014,바로잡는 순애보,626949
852,2014,뱀파이어,563784
853,2014,버퍼링,626946
854,2014,버프소녀 오오라,511444
855,2014,복학왕,626907
856,2014,불만시대,629055
857,2014,붉은 실,622641
858,2014,블랙시저스,612767
859,2014,빙의,632330
860,2014,빵점동맹,495498
861,2014,사또(Satto),515883
862,2014,사랑의 외계인,537991
863,2014,사이드킥,616238
864,2014,삼국전투기,22027
865,2014,새와 같이,546626
866,2014,샌프란시스코 화...,597449
867,2014,생활의참견,25613
868,2014,섀도우,622638
869,2014,소나기야,578106
870,2014,소녀더와일즈,358422
871,2014,소년들은 무엇을...,609477
872,2014,소울카르텔,423384
873,2014,송곳 1~3부,602922
874,2014,숲 속의 미마,640110
875,2014,스튜디오 짭쪼롬,597480
876,2014,스페이스 차이나...,423383
877,2014,스페이스 킹,517252
878,2014,시간의 섬,325631
879,2014,시큼새큼,509092
880,2014,시타를 위하여,626904
881,2014,신령,507638
882,2014,신의 언어,602287
883,2014,신의 탑,183559
884,2014,실질객관영화,599232
885,2014,심연의 하늘 시...,608261
886,2014,싸귀2 : 퇴마록,537990
887,2014,씬커,635174
888,2014,아메리카노 엑소...,622644
889,2014,아이덴티티,642599
890,2014,아이들은 즐겁다,570502
891,2014,"아이소포스 1,...",570505
892,2014,아프니까 병원이다,608258
893,2014,악플게임,551651
894,2014,안 돼요 마왕님!,602923
895,2014,알게뭐야,546805
896,2014,어빌리티,511447
897,2014,언더클래스 히어로,497180
898,2014,언더프린,26108
899,2014,언터처블,612769
900,2014,엄마와 딸 x2,640050
901,2014,에이머,400739
902,2014,에피소드칵테일,579352
903,2014,여탕보고서,639604
904,2014,역전! 야매요리,409630
905,2014,연애혁명,570503
906,2014,열무가 익어간다,570504
907,2014,영수의 봄,639080
908,2014,오늘 밤은 어둠...,632342
909,2014,오빠 왔다,551650
910,2014,오성X한음,551648
911,2014,오즈랜드,626940
912,2014,와라! 편의점,26316
913,2014,외모지상주의,641253
914,2014,용이산다,568986
915,2014,우리 헤어졌어요,635989
916,2014,우리들은 푸르다,243315
917,2014,우리의 이상한 ...,570696
918,2014,운빨로맨스,613933
919,2014,웃지 않는 개그...,503253
920,2014,원 뿔러스 원,597473
921,2014,원티드,310616
922,2014,윈드브레이커,602910
923,2014,윈터우즈,629056
924,2014,윌유메리미,616239
925,2014,은주의 방,579414
926,2014,이런 영웅은 싫어,400742
927,2014,이말년 서유기,602921
928,2014,인챈트-나람이야기,630386
929,2014,일등당첨,619935
930,2014,일사부재리,641580
931,2014,장미아파트 공경비,537989
932,2014,재앙은 미묘하게,632337
933,2014,전자오락수호대,637931
934,2014,제페토,440244
935,2014,조선왕조실톡,642598
936,2014,조선좀비실록,509094
937,2014,좀비를 위한 나...,423392
938,2014,죄의 파편,592721
939,2014,죽은 마법사의 ...,409629
940,2014,중립디자인구역,643302
941,2014,지새는 달,644182
942,2014,진눈깨비 소년,622643
943,2014,질풍기획 시즌2,608265
944,2014,찌질의 역사,597481
945,2014,차차차,528785
946,2014,천년구미호,400740
947,2014,최강전설 강해효,570506
948,2014,출격! 반보트,622647
949,2014,칼부림,602916
950,2014,코끼리를 끌어안...,530311
951,2014,쿠베라,131385
952,2014,크레이터,630832
953,2014,크리퍼스큘,297795
954,2014,키드갱 시즌2,471286
955,2014,킥,551647
956,2014,탈(TAL),316911
957,2014,터치! 메리크리...,604147
958,2014,퇴마전쟁,613076
959,2014,투엔티스,532057
960,2014,트럼프,524520
961,2014,특수 영능력 수...,160469
962,2014,파라다이스,502673
963,2014,판다독,61731
964,2014,판타지스케치 -...,579417
965,2014,패밀리 사이즈,626906
966,2014,평범한 8반,597478
967,2014,프리드로우,597447
968,2014,프린세스 1~4부,626938
969,2014,프린스의 왕자,622640
970,2014,플로우,563785
971,2014,피리부는 남자,563787
972,2014,하나(HANA),557675
973,2014,하루 3컷,644180
974,2014,하이브 1~2,609480
975,2014,한국만화거장전,590252
976,2014,한국만화거장전 ...,643607
977,2014,한줌물망초,462900
978,2014,헬로 미스터 테디,622639
979,2014,헬퍼,389848
980,2014,혈액형에 관한 ...,316914
981,2014,호랭총각,22897
982,2014,화이트멜로우,642604
983,2014,후레자식,628997
984,2014,히어로메이커,21815
985,2014,Ho!,638994
986,2014,MY OH,452116
987,2014,Penguin ...,169080
988,2014,SM 플레이어,521533
989,2014,2013 루키 ...,597593
990,2014,2014 네이버...,631780
991,2014,2014 루키 ...,635187
992,2015,가우스전자 시즌...,335885
993,2015,갓 오브 하이스쿨,318995
994,2015,강변살다,578108
995,2015,격투기특성화사립...,395442
996,2015,결계녀,668101
997,2015,고고고,655277
998,2015,고수,662774
999,2015,공복의 저녁식사,642700
1000,2015,공주는 잠 못 ...,655748
1001,2015,국립자유경제고등...,621494
1002,2015,굿모닝 보스,548870
1003,2015,귀도호가록,665170
1004,2015,그 판타지 세계...,316909
1005,2015,기기괴괴,557672
1006,2015,기로,653344
1007,2015,나는 귀머거리다,659934
1008,2015,나는 너를 보았다,628876
1009,2015,나이트런,64997
1010,2015,낚시신공,651667
1011,2015,날로 먹는 연애,655747
1012,2015,낢 부럽지 않은...,651670
1013,2015,낢이사는이야기,22045
1014,2015,남과 여,632341
1015,2015,낮에 뜨는 달,551649
1016,2015,네버랜 연대기,664406
1017,2015,노네임드(NoN...,460688
1018,2015,노블레스,25455
1019,2015,녹두전,643123
1020,2015,놓지마 정신줄,81482
1021,2015,늘 푸른 찻집,608263
1022,2015,다이스(DICE),557676
1023,2015,닥터 프로스트 ...,655749
1024,2015,달수 이야기,650292
1025,2015,당신만 몰라!,459545
1026,2015,더 게이머,552960
1027,2015,데드데이즈(DE...,628998
1028,2015,덴마,119874
1029,2015,독신으로 살겠다,530312
1030,2015,돌아온 럭키짱,449854
1031,2015,동네변호사 조들...,546625
1032,2015,두근거려요,632344
1033,2015,둥굴레차!,626939
1034,2015,딥(DEEP),632705
1035,2015,라크리모사,662898
1036,2015,러브슬립 2부,578109
1037,2015,레드돌,669358
1038,2015,레사 시즌2~3,603159
1039,2015,리얼주주,51007
1040,2015,리즌,579416
1041,2015,마녀사냥,622646
1042,2015,마루한 - 구현...,624632
1043,2015,마법스크롤 상인...,655746
1044,2015,마술사,24965
1045,2015,마스크걸,660366
1046,2015,마야고,660333
1047,2015,마음의소리,20853
1048,2015,만렙소녀 오오라,665174
1049,2015,매지컬 고삼즈,597466
1050,2015,모던패밀리 2,617882
1051,2015,모두에게 완자가,471283
1052,2015,모태솔로수용소,622648
1053,2015,모태솔로수용소 ...,666670
1054,2015,몽홀,644112
1055,2015,문아,374973
1056,2015,미결,607486
1057,2015,미라클! 용사님,654817
1058,2015,미래소녀,654318
1059,2015,미선 임파서블,557674
1060,2015,바람이 머무는 난,414609
1061,2015,바로잡는 순애보,626949
1062,2015,밥 먹고 갈래요?,651664
1063,2015,밥풀때기,646359
1064,2015,백귀야행지,646358
1065,2015,뱀파이어,563784
1066,2015,뱀피르,669360
1067,2015,버닝헬,653857
1068,2015,버퍼링,626946
1069,2015,복학왕,626907
1070,2015,불만시대,629055
1071,2015,붉은 실,622641
1072,2015,뷰티풀 군바리,648419
1073,2015,블랙시저스,612767
1074,2015,빙의,632330
1075,2015,빨간책,651663
1076,2015,사또(Satto),515883
1077,2015,사이드킥,616238
1078,2015,사이드킥 2~3,642653
1079,2015,삼국전투기,22027
1080,2015,상중하,661043
1081,2015,샌프란시스코 화...,597449
1082,2015,생활의참견,25613
1083,2015,서북의 저승사자,657948
1084,2015,소곤소곤,668102
1085,2015,소녀더와일즈,358422
1086,2015,소녀의 세계,654774
1087,2015,소울카르텔,423384
1088,2015,손의 흔적,644111
1089,2015,송곳 1~3부,602922
1090,2015,송곳 4~5부,660025
1091,2015,숲 속의 미마,640110
1092,2015,슈퍼 시크릿,650304
1093,2015,스튜디오 짭쪼롬,597480
1094,2015,스페이스 차이나...,423383
1095,2015,스페이스 킹,517252
1096,2015,스피릿 핑거스,654809
1097,2015,시노딕,668103
1098,2015,시큼새큼,509092
1099,2015,신령,507638
1100,2015,신의 언어,602287
1101,2015,신의 탑,183559
1102,2015,심연의 하늘 시...,608261
1103,2015,싸귀2 : 퇴마록,537990
1104,2015,썸남,654331
1105,2015,씬커,635174
1106,2015,아메리카노 엑소...,622644
1107,2015,아이덴티티,642599
1108,2015,아이돌 연구소,663887
1109,2015,"아이소포스 1,...",570505
1110,2015,악의는 없다,657522
1111,2015,안 돼요 마왕님!,602923
1112,2015,알게뭐야,546805
1113,2015,야부리맨,651665
1114,2015,어빌리티,511447
1115,2015,언더클래스 히어로,497180
1116,2015,언더프린,26108
1117,2015,언터처블,612769
1118,2015,엄마와 딸 x2,640050
1119,2015,에이머,400739
1120,2015,에피소드칵테일,579352
1121,2015,여중생A,647946
1122,2015,여탕보고서,639604
1123,2015,연놈,667573
1124,2015,연애의 정령,651617
1125,2015,연애혁명,570503
1126,2015,영수의 봄,639080
1127,2015,오!주예수여,655744
1128,2015,오늘 밤은 어둠...,632342
1129,2015,오민혁 단편선,667010
1130,2015,오빠 왔다,551650
1131,2015,오성X한음,551648
1132,2015,오즈랜드,626940
1133,2015,올해의 벚꽃도 ...,652403
1134,2015,외모지상주의,641253
1135,2015,용이산다,568986
1136,2015,우렁집사,654316
1137,2015,우리 헤어졌어요,635989
1138,2015,우리들은 푸르다,243315
1139,2015,우바우,651675
1140,2015,웃지 않는 개그...,503253
1141,2015,웃지 않는 개그...,665618
1142,2015,원 뿔러스 원,597473
1143,2015,원티드,310616
1144,2015,윈드브레이커,602910
1145,2015,윈터우즈,629056
1146,2015,윌유메리미,616239
1147,2015,유미의 세포들,651673
1148,2015,은주의 방 2~...,654138
1149,2015,이런 영웅은 싫어,400742
1150,2015,이말년 서유기,602921
1151,2015,이별만화 완성도,654333
1152,2015,이상하고 아름다운,668723
1153,2015,인챈트-나람이야기,630386
1154,2015,일등당첨,619935
1155,2015,일사부재리,641580
1156,2015,장미아파트 공경비,537989
1157,2015,재앙은 미묘하게,632337
1158,2015,저승에서 만난 ...,647947
1159,2015,적생,656641
1160,2015,전설의 레전드,654317
1161,2015,전자오락수호대,637931
1162,2015,제페토,440244
1163,2015,조석축구만화,652466
1164,2015,조선왕조실톡,642598
1165,2015,조선좀비실록,509094
1166,2015,죽은 마법사의 ...,409629
1167,2015,중립디자인구역,643302
1168,2015,지새는 달,644182
1169,2015,진눈깨비 소년,622643
1170,2015,질풍기획 시즌2,608265
1171,2015,찌질의 역사,597481
1172,2015,차차차,528785
1173,2015,천국의 신화,658823
1174,2015,천국의 신화 6부,670131
1175,2015,천년구미호,400740
1176,2015,천적,656469
1177,2015,철벽! 연애 시...,652122
1178,2015,최강전설 강해효,570506
1179,2015,칼부림,602916
1180,2015,컨트롤제트,666671
1181,2015,쿠베라,131385
1182,2015,크레이터,630832
1183,2015,크리퍼스큘,297795
1184,2015,탈(TAL),316911
1185,2015,퇴마전쟁,613076
1186,2015,트럼프,524520
1187,2015,특수 영능력 수...,160469
1188,2015,팀 피닉스,658076
1189,2015,파도의 주인,652418
1190,2015,파라다이스,502673
1191,2015,판다독,61731
1192,2015,패밀리 사이즈,626906
1193,2015,평범한 8반,597478
1194,2015,프리드로우,597447
1195,2015,프린세스 1~4부,626938
1196,2015,프린세스 5부,647948
1197,2015,프린스의 왕자,622640
1198,2015,프린스의 왕자 ...,666196
1199,2015,플로우,563785
1200,2015,하나(HANA),557675
1201,2015,하루 3컷,644180
1202,2015,하이브 1~2,609480
1203,2015,한국만화거장전 ...,643607
1204,2015,해피,669357
1205,2015,헬퍼,389848
1206,2015,혈액형에 관한 ...,316914
1207,2015,호랑이형님,650305
1208,2015,호랭총각,22897
1209,2015,화이트멜로우,642604
1210,2015,후레자식,628997
1211,2015,후유증 2,662160
1212,2015,히어로메이커,21815
1213,2015,Ho!,638994
1214,2015,MY OH,452116
1215,2015,Penguin ...,169080
1216,2015,2015 루키 ...,666673
1217,2015,2015 사이,666516
1218,2015,2015 소름,657934
1219,2015,2015 우주특...,644117
1220,2015,2호선 세입자,646568
1221,2015,3P,666537
1222,2016,가담항설,670144
1223,2016,가우스전자 시즌...,675554
1224,2016,감염자,675823
1225,2016,갓 오브 하이스쿨,318995
1226,2016,강변살다,578108
1227,2016,갸오오와 사랑꾼들,670151
1228,2016,결계녀,668101
1229,2016,고수,662774
1230,2016,골든 체인지,685460
1231,2016,공감.jpg,686911
1232,2016,공대생 너무만화,678499
1233,2016,공복의 저녁식사,642700
1234,2016,구구까까,684435
1235,2016,구름의 이동속도,687137
1236,2016,국립자유경제고등...,621494
1237,2016,군인RPG,690020
1238,2016,굿모닝 보스,548870
1239,2016,귀각시,679570
1240,2016,귀도,682222
1241,2016,귀도호가록,665170
1242,2016,그 판타지 세계...,316909
1243,2016,금수저,679567
1244,2016,기기괴괴,557672
1245,2016,기로,653344
1246,2016,꿈의 기업,687915
1247,2016,나노리스트,670150
1248,2016,나는 귀머거리다,659934
1249,2016,나이트런,64997
1250,2016,날로 먹는 연애,655747
1251,2016,낮에 뜨는 달,551649
1252,2016,내 ID는 강남...,677536
1253,2016,네버랜 연대기,664406
1254,2016,노블레스,25455
1255,2016,녹두전,643123
1256,2016,놓정동화,670146
1257,2016,놓지마 정신줄,81482
1258,2016,놓지마 정신줄 ...,682637
1259,2016,다이스(DICE),557676
1260,2016,닥터 프로스트 ...,655749
1261,2016,달수 이야기,650292
1262,2016,당신만 몰라!,459545
1263,2016,대작,675822
1264,2016,대학일기,679519
1265,2016,더 게이머,552960
1266,2016,덴마,119874
1267,2016,독신으로 살겠다,530312
1268,2016,돌아온 럭키짱,449854
1269,2016,동네변호사 조들...,546625
1270,2016,동네변호사 조들...,675829
1271,2016,동토의 여명,678494
1272,2016,둥굴레차!,626939
1273,2016,러브슬립 2부,578109
1274,2016,레드돌,669358
1275,2016,레사 시즌2~3,603159
1276,2016,레코닝,670147
1277,2016,마녀사냥,622646
1278,2016,마루한 - 구현...,624632
1279,2016,마법스크롤 상인...,655746
1280,2016,마술사,24965
1281,2016,마스크걸,660366
1282,2016,마야고,660333
1283,2016,마음의소리,20853
1284,2016,마이너스의 손,679568
1285,2016,만렙소녀 오오라,665174
1286,2016,매지컬 고삼즈,597466
1287,2016,모던패밀리 2,617882
1288,2016,모태솔로수용소 ...,666670
1289,2016,몽홀,644112
1290,2016,문유,679544
1291,2016,미라클! 용사님,654817
1292,2016,바로잡는 순애보,626949
1293,2016,밥 먹고 갈래요?,651664
1294,2016,밥풀때기,646359
1295,2016,백귀야행지,646358
1296,2016,뱀피르,669360
1297,2016,복학왕,626907
1298,2016,부부생활,675559
1299,2016,부활남,670139
1300,2016,뷰티풀 군바리,648419
1301,2016,블랙수트,679545
1302,2016,사이드킥 2~3,642653
1303,2016,삼국전투기,22027
1304,2016,상중하,661043
1305,2016,샌프란시스코 화...,597449
1306,2016,생활의참견,25613
1307,2016,서북의 저승사자,657948
1308,2016,소곤소곤,668102
1309,2016,소녀더와일즈,358422
1310,2016,소녀의 세계,654774
1311,2016,소울카르텔,423384
1312,2016,손의 흔적,644111
1313,2016,송곳 4~5부,660025
1314,2016,숲 속의 미마,640110
1315,2016,슈퍼 시크릿,650304
1316,2016,스퍼맨 시즌1,674209
1317,2016,스페이스 킹,517252
1318,2016,스피릿 핑거스,654809
1319,2016,시노딕,668103
1320,2016,신도림,683496
1321,2016,신의 언어,602287
1322,2016,신의 탑,183559
1323,2016,심연의 하늘 시...,679547
1324,2016,썸남,654331
1325,2016,씬커,635174
1326,2016,아메리카노 엑소...,622644
1327,2016,아이덴티티,642599
1328,2016,아이돌 연구소,663887
1329,2016,아이소포스 3부,675474
1330,2016,아일랜드 1부,678500
1331,2016,아일랜드 2부,687921
1332,2016,아테나 컴플렉스,679543
1333,2016,악의는 없다,657522
1334,2016,야부리맨,651665
1335,2016,어빌리티,511447
1336,2016,언덕 위의 제임스,671421
1337,2016,언터처블,612769
1338,2016,엄마와 딸 x2,640050
1339,2016,에이머,400739
1340,2016,에피소드칵테일,579352
1341,2016,여중생A,647946
1342,2016,연놈,667573
1343,2016,연애의 정령,651617
1344,2016,연애혁명,570503
1345,2016,열렙전사,670152
1346,2016,열정호구,686312
1347,2016,오!주예수여,655744
1348,2016,오늘도 핸드메이...,686018
1349,2016,오민혁 단편선,667010
1350,2016,오빠 왔다,551650
1351,2016,오성X한음,551648
1352,2016,오즈랜드,626940
1353,2016,완벽한 허니문,689705
1354,2016,외모지상주의,641253
1355,2016,용이산다,568986
1356,2016,우렁집사,654316
1357,2016,우리들은 푸르다,243315
1358,2016,우바우,651675
1359,2016,웃지 않는 개그...,665618
1360,2016,원 뿔러스 원,597473
1361,2016,원티드,310616
1362,2016,윈드브레이커,602910
1363,2016,윈터우즈,629056
1364,2016,윌유메리미,616239
1365,2016,유미의 세포들,651673
1366,2016,은주의 방 2~...,654138
1367,2016,"이기자, 그린",689701
1368,2016,이런 영웅은 싫어,400742
1369,2016,이말년 서유기,602921
1370,2016,이별만화 완성도,654333
1371,2016,이상하고 아름다운,668723
1372,2016,인챈트-나람이야기,630386
1373,2016,잡다한컷,687610
1374,2016,적생,656641
1375,2016,전설의 레전드,654317
1376,2016,전자오락수호대,637931
1377,2016,제로게임,676695
1378,2016,조선왕조실톡,642598
1379,2016,조선좀비실록,509094
1380,2016,죽은 마법사의 ...,409629
1381,2016,중립디자인구역,643302
1382,2016,지금 이 순간 ...,681453
1383,2016,진눈깨비 소년,622643
1384,2016,찌질의 역사,597481
1385,2016,차원이 다른 만화,679569
1386,2016,참치와 돌고래,675516
1387,2016,천국의 신화 6부,670131
1388,2016,천년구미호,400740
1389,2016,천적,656469
1390,2016,철벽! 연애 시...,652122
1391,2016,첩보의 별,675392
1392,2016,첩보의 별 시즌2,686669
1393,2016,체크포인트,677452
1394,2016,최강전설 강해효,570506
1395,2016,칼부림,602916
1396,2016,컨트롤제트,666671
1397,2016,쿠베라,131385
1398,2016,크리퍼스큘,297795
1399,2016,킬더킹,670145
1400,2016,킬러 김빵빵,677753
1401,2016,탈(TAL),316911
1402,2016,테러맨,670149
1403,2016,투명한 동거,677740
1404,2016,트럼프,524520
1405,2016,특수 영능력 수...,160469
1406,2016,팀 피닉스,658076
1407,2016,파도의 주인,652418
1408,2016,판다독,61731
1409,2016,패밀리 사이즈,626906
1410,2016,평범한 8반,597478
1411,2016,폰령,685989
1412,2016,프리드로우,597447
1413,2016,프린세스 5부,647948
1414,2016,프린스의 왕자 ...,666196
1415,2016,하나(HANA),557675
1416,2016,하루 3컷,644180
1417,2016,하이브 1~2,609480
1418,2016,하이브 3,675331
1419,2016,한국만화거장전 ...,680193
1420,2016,한번 더 해요,675393
1421,2016,해피,669357
1422,2016,헬퍼 2 : 킬...,670143
1423,2016,호랑이형님,650305
1424,2016,호랭총각,22897
1425,2016,화이트멜로우,642604
1426,2016,후레자식,628997
1427,2016,후유증 2,662160
1428,2016,히어로메이커,21815
1429,2016,MZ,675830
1430,2016,Penguin ...,169080
1431,2016,2015 사이,666516
1432,2016,2016 루키 ...,686885
1433,2016,2016 비명,682803
1434,2016,2016 학교 ...,675556
1435,2016,203호 저승사자,670140
1436,2016,2호선 세입자,646568
1437,2016,3P,666537
1438,2016,3인칭,682265
1439,2017,가담항설,670144
1440,2017,가비지타임,703844
1441,2017,가우스전자 시즌...,675554
1442,2017,간 떨어지는 동거,699415
1443,2017,간질간질,702165
1444,2017,감염자,675823
1445,2017,갓 오브 하이스쿨,318995
1446,2017,강변살다,578108
1447,2017,갸오오와 사랑꾼들,670151
1448,2017,걸어서 30분,700844
1449,2017,격기3반,701535
1450,2017,결계녀,668101
1451,2017,계룡선녀전,693431
1452,2017,고민툰,699413
1453,2017,고수,662774
1454,2017,골든 체인지,685460
1455,2017,공감.jpg,686911
1456,2017,공대생 너무만화,678499
1457,2017,공복의 저녁식사,642700
1458,2017,구구까까,684435
1459,2017,구름의 이동속도,687137
1460,2017,군인RPG,690020
1461,2017,귀각시,679570
1462,2017,귀도호가록,665170
1463,2017,귀전구담,694946
1464,2017,그 판타지 세계...,316909
1465,2017,그들에게 사면초가,693429
1466,2017,금수저,679567
1467,2017,기기괴괴,557672
1468,2017,기로,653344
1469,2017,꿈의 기업,687915
1470,2017,나노리스트,670150
1471,2017,나는 귀머거리다,659934
1472,2017,나이트런,64997
1473,2017,낮에 뜨는 달,551649
1474,2017,내 ID는 강남...,677536
1475,2017,내일,695796
1476,2017,네버랜 연대기,664406
1477,2017,노곤하개,702672
1478,2017,노블레스,25455
1479,2017,녹두전,643123
1480,2017,놓지마 정신줄 ...,682637
1481,2017,니편내편,702422
1482,2017,다이스(DICE),557676
1483,2017,닥터 프로스트 ...,655749
1484,2017,닥터 하운드,700858
1485,2017,달수 이야기,650292
1486,2017,달콤한 인생_스...,701699
1487,2017,당신만 몰라!,459545
1488,2017,대작,675822
1489,2017,대학일기,679519
1490,2017,더 게이머,552960
1491,2017,데모니악,692512
1492,2017,덴마,119874
1493,2017,도망자,690503
1494,2017,돌아온 럭키짱,449854
1495,2017,동네변호사 조들...,675829
1496,2017,동토의 여명,678494
1497,2017,둥굴레차!,626939
1498,2017,랜덤채팅의 그녀!,702608
1499,2017,레사 시즌2~3,603159
1500,2017,마루한 - 구현...,624632
1501,2017,마법스크롤 상인...,655746
1502,2017,마술사,24965
1503,2017,마스크걸,660366
1504,2017,마왕이 되는 중...,694807
1505,2017,마음의소리,20853
1506,2017,마이너스의 손,679568
1507,2017,마주쳤다,703634
1508,2017,모태솔로수용소 ...,666670
1509,2017,목욕의 신,697681
1510,2017,몽홀,644112
1511,2017,문유,679544
1512,2017,미라클! 용사님,654817
1513,2017,미스터리 호러 ...,700361
1514,2017,미시령,697533
1515,2017,바로잡는 순애보,626949
1516,2017,밥 먹고 갈래요?,651664
1517,2017,백귀야행지,646358
1518,2017,뱀이 앉은 자리,695585
1519,2017,복학왕,626907
1520,2017,부부생활,675559
1521,2017,부활남,670139
1522,2017,뷰티풀 군바리,648419
1523,2017,블랙수트,679545
1524,2017,빙탕후루,695321
1525,2017,사이드킥 2~3,642653
1526,2017,생활의참견,25613
1527,2017,서북의 저승사자,657948
1528,2017,선천적 얼간이들,697680
1529,2017,성공한 덕후,703628
1530,2017,소녀의 세계,654774
1531,2017,송곳 4~5부,660025
1532,2017,숲 속의 미마,640110
1533,2017,슈퍼 시크릿,650304
1534,2017,스위트홈,701081
1535,2017,스퍼맨 시즌1,674209
1536,2017,스피릿 핑거스,654809
1537,2017,시노딕,668103
1538,2017,신과함께,697685
1539,2017,신도림,683496
1540,2017,신석기녀,703308
1541,2017,신암행어사,703307
1542,2017,신의 언어,602287
1543,2017,신의 탑,183559
1544,2017,심연의 하늘 시...,702170
1545,2017,쌉니다 천리마마트,697679
1546,2017,씬커,635174
1547,2017,아기낳는만화,703837
1548,2017,아메리카노 엑소...,622644
1549,2017,아일랜드 2부,687921
1550,2017,아테나 컴플렉스,679543
1551,2017,야부리맨,651665
1552,2017,야채호빵의 봄방학,694806
1553,2017,어글리후드,703630
1554,2017,언덕 위의 제임스,671421
1555,2017,언원티드,698469
1556,2017,언터처블,612769
1557,2017,에이머,400739
1558,2017,에피소드칵테일,579352
1559,2017,여중생A,647946
1560,2017,연놈,667573
1561,2017,연애의 정령,651617
1562,2017,연애학,696602
1563,2017,연애혁명,570503
1564,2017,열렙전사,670152
1565,2017,열일곱,693445
1566,2017,열정호구,686312
1567,2017,오!주예수여,655744
1568,2017,오늘도 사랑스럽개,699658
1569,2017,오늘도 핸드메이...,686018
1570,2017,오늘도 형제는 ...,692510
1571,2017,오늘부터 주군,695768
1572,2017,오즈랜드,626940
1573,2017,오직 나의 주인님,703635
1574,2017,완벽한 허니문,689705
1575,2017,외모지상주의,641253
1576,2017,용이산다,568986
1577,2017,우리 오빠는 아...,700843
1578,2017,우리들은 푸르다,243315
1579,2017,우리집에 곰이 ...,690594
1580,2017,웃지 않는 개그...,665618
1581,2017,웅이는 배고파,697535
1582,2017,원 뿔러스 원,597473
1583,2017,원주민 공포만화,698918
1584,2017,원티드,310616
1585,2017,윈드브레이커,602910
1586,2017,윈터우즈,629056
1587,2017,윌유메리미,616239
1588,2017,유미의 세포들,651673
1589,2017,은주의 방 2~...,654138
1590,2017,이것도 친구라고,698888
1591,2017,"이기자, 그린",689701
1592,2017,이런 영웅은 싫어,400742
1593,2017,이별만화 완성도,654333
1594,2017,이상하고 아름다운,668723
1595,2017,인간의 숲,697654
1596,2017,인챈트-나람이야기,630386
1597,2017,잡다한컷,687610
1598,2017,전자오락수호대,637931
1599,2017,절벽귀,697655
1600,2017,제로게임,676695
1601,2017,조선왕조실톡,642598
1602,2017,조선좀비실록,509094
1603,2017,조의 영역,697656
1604,2017,좋아하는 부분,699659
1605,2017,지금 이 순간 ...,681453
1606,2017,진눈깨비 소년,622643
1607,2017,찌질의 역사,597481
1608,2017,차원이 다른 만화,679569
1609,2017,찬란하지 않아도...,698247
1610,2017,참치와 돌고래,675516
1611,2017,천국의 신화 6부,670131
1612,2017,첩보의 별 시즌2,686669
1613,2017,체크포인트,677452
1614,2017,최강전설 강해효,570506
1615,2017,칼부림,602916
1616,2017,컨트롤제트,666671
1617,2017,쿠베라,131385
1618,2017,킬더킹,670145
1619,2017,킬러 김빵빵,677753
1620,2017,탈(TAL),316911
1621,2017,테러맨,670149
1622,2017,투명한 동거,677740
1623,2017,트럼프,524520
1624,2017,트롤트랩,701700
1625,2017,특수 영능력 수...,160469
1626,2017,팀 피닉스,658076
1627,2017,파도를 찾아라!,703836
1628,2017,파도의 주인,652418
1629,2017,패밀리 사이즈,626906
1630,2017,퍼스트 미션,694131
1631,2017,평범한 8반,597478
1632,2017,푸른사막 아아루,697254
1633,2017,프리드로우,597447
1634,2017,피에는 피,696617
1635,2017,하나(HANA),557675
1636,2017,하나의 하루,694805
1637,2017,하루 3컷,644180
1638,2017,하이브 3,675331
1639,2017,한국만화 1990,703840
1640,2017,한번 더 해요,675393
1641,2017,허니허니 웨딩,697537
1642,2017,헬퍼 2 : 킬...,670143
1643,2017,호랑이형님,650305
1644,2017,호랭총각,22897
1645,2017,홍시는 날 좋아...,703839
1646,2017,홍차리브레,703838
1647,2017,환생동물학교,700139
1648,2017,히어로메이커,21815
1649,2017,DEY 호러채널,696593
1650,2017,Doll 체인지,693444
1651,2017,MZ,675830
1652,2017,MZ-퓨어 이블,694191
1653,2017,Penguin ...,169080
1654,2017,10월 28일,702423
1655,2017,1인용 기분,703835
1656,2017,2016 루키 ...,686885
1657,2017,2017 루키 ...,702463
1658,2017,2017 멋진 ...,700327
1659,2017,2017 사이다...,690502
1660,2017,203호 저승사자,670140
1661,2018,가담항설,670144
1662,2018,가비지타임,703844
1663,2018,가우스전자 시즌...,675554
1664,2018,간 떨어지는 동거,699415
1665,2018,간질간질,702165
1666,2018,감염자,675823
1667,2018,갓 오브 하이스쿨,318995
1668,2018,갓핑크,715159
1669,2018,강변살다,578108
1670,2018,개를 낳았다,712362
1671,2018,갸오오와 사랑꾼들,670151
1672,2018,걸어서 30분,700844
1673,2018,검은인간,718021
1674,2018,격기3반,701535
1675,2018,결계녀,668101
1676,2018,계룡선녀전,693431
1677,2018,고교생을 환불해...,708453
1678,2018,고류 진,710749
1679,2018,고수,662774
1680,2018,고인의 명복,716776
1681,2018,골든 체인지,685460
1682,2018,공대생 너무만화,678499
1683,2018,공복의 저녁식사,642700
1684,2018,구구까까,684435
1685,2018,구름의 이동속도,687137
1686,2018,귀각시,679570
1687,2018,귀곡의 문,718020
1688,2018,귀도호가록,665170
1689,2018,귀전구담,694946
1690,2018,그 판타지 세계...,316909
1691,2018,그들에게 사면초가,693429
1692,2018,그래서 나는 안...,721457
1693,2018,그랜드 배틀 토...,710755
1694,2018,극야,721463
1695,2018,금수저,679567
1696,2018,금요일 베스트,720128
1697,2018,기기괴괴,557672
1698,2018,기로,653344
1699,2018,꼬리,703851
1700,2018,꽃 피는 날,703841
1701,2018,꽃미남 저승사자,721461
1702,2018,꿈의 기업,687915
1703,2018,나노리스트,670150
1704,2018,나는 남 너는 녀,721920
1705,2018,나의 짝사랑 고...,709628
1706,2018,나이트런,64997
1707,2018,날 가져요,721459
1708,2018,내 ID는 강남...,713915
1709,2018,내 어린고양이와...,720120
1710,2018,내 여자친구는 ...,713581
1711,2018,내일,695796
1712,2018,냐한남자,708452
1713,2018,냥하무인,719507
1714,2018,네버랜 연대기,664406
1715,2018,노곤하개,702672
1716,2018,노블레스,25455
1717,2018,놓지마 정신줄 ...,682637
1718,2018,늑대와 빨간모자,716163
1719,2018,니편내편,702422
1720,2018,다이스(DICE),557676
1721,2018,닥터 프로스트 ...,655749
1722,2018,닥터 하운드,700858
1723,2018,대학일기,679519
1724,2018,더 게이머,552960
1725,2018,데드라이프,713975
1726,2018,데우스 엑스 마...,720116
1727,2018,덴마,119874
1728,2018,도망자,690503
1729,2018,돌아온 럭키짱,449854
1730,2018,동토의 여명,678494
1731,2018,둥굴레차!,626939
1732,2018,랜덤채팅의 그녀!,702608
1733,2018,레사 시즌2~3,603159
1734,2018,로베스의 완전감각,716164
1735,2018,롤랑롤랑,715935
1736,2018,링크보이,714185
1737,2018,마루한 - 구현...,624632
1738,2018,마법스크롤 상인...,655746
1739,2018,마술사,24965
1740,2018,마스크걸,660366
1741,2018,마왕이 되는 중...,694807
1742,2018,마음의 숙제,721919
1743,2018,마음의소리,20853
1744,2018,마이너스의 손,679568
1745,2018,마주쳤다,703634
1746,2018,만 화 고,708427
1747,2018,머니게임,720190
1748,2018,모태솔로수용소 ...,666670
1749,2018,목욕의 신,697681
1750,2018,몽홀,644112
1751,2018,문래빗,710758
1752,2018,미스터리 호러 ...,700361
1753,2018,미시령,697533
1754,2018,바른연애 길잡이,703852
1755,2018,반투명인간,710762
1756,2018,밥 먹고 갈래요?,651664
1757,2018,방 안의 코끼리,718017
1758,2018,방백남녀,703631
1759,2018,백귀야행지,646358
1760,2018,뱀이 앉은 자리,695585
1761,2018,뱀파이어의 꽃,721455
1762,2018,병의 맛,714839
1763,2018,복학왕,626907
1764,2018,부로콜리왕자,710741
1765,2018,부활남,670139
1766,2018,불괴,710766
1767,2018,뷰티풀 군바리,648419
1768,2018,블랙엔젤,720810
1769,2018,비둘기가 물고 ...,710390
1770,2018,비질란테,703843
1771,2018,빙탕후루,695321
1772,2018,사이드킥 2~3,642653
1773,2018,살인자o난감 (...,719899
1774,2018,삼국지톡,711422
1775,2018,서북의 저승사자,657948
1776,2018,선천적 얼간이들,697680
1777,2018,성공한 덕후,703628
1778,2018,세상은 돈과 권력,710747
1779,2018,소녀 연대기,718016
1780,2018,소녀의 세계,654774
1781,2018,소유,707671
1782,2018,수학 잘하는 법,703853
1783,2018,슈퍼 시크릿,650304
1784,2018,스위트홈,701081
1785,2018,스터디그룹,721948
1786,2018,스피릿 핑거스,654809
1787,2018,식스틴,703854
1788,2018,신과함께,697685
1789,2018,신도림,683496
1790,2018,신석기녀,703308
1791,2018,신시의 손님,718022
1792,2018,신암행어사,703307
1793,2018,신을 죽이는 방법,714886
1794,2018,신의 언어,602287
1795,2018,신의 탑,183559
1796,2018,심연의 하늘 시...,702170
1797,2018,쌉니다 천리마마트,697679
1798,2018,쎈놈,720127
1799,2018,씬커,635174
1800,2018,아기낳는만화,703837
1801,2018,아르마,710768
1802,2018,아메리카노 엑소...,622644
1803,2018,아일랜드 2부,687921
1804,2018,아테나 컴플렉스,679543
1805,2018,악마와 계약연애,710750
1806,2018,"안녕, 대학생",703633
1807,2018,알고있지만,718018
1808,2018,암흑도시,710081
1809,2018,야채호빵의 봄방학,694806
1810,2018,약한영웅,710751
1811,2018,어글리후드,703630
1812,2018,언덕 위의 제임스,671421
1813,2018,언데드,706770
1814,2018,언원티드,698469
1815,2018,에이머,400739
1816,2018,에이틴,720716
1817,2018,에피소드칵테일,579352
1818,2018,엔드리스,710767
1819,2018,여신강림,703846
1820,2018,여중생A-우리들...,712003
1821,2018,연놈,667573
1822,2018,연애의 정령,651617
1823,2018,연애학,696602
1824,2018,연애혁명,570503
1825,2018,연의 편지,713872
1826,2018,열대어,703629
1827,2018,열렙전사,670152
1828,2018,열정호구,686312
1829,2018,옆반의 인어,709992
1830,2018,옆집친구,718019
1831,2018,오!주예수여,655744
1832,2018,오늘도 사랑스럽개,699658
1833,2018,오늘의 순정망화,716857
1834,2018,오직 나의 주인님,703635
1835,2018,와장창창! 자취맨,711899
1836,2018,완벽하지 않은 ...,710757
1837,2018,왕으로 살다,713294
1838,2018,외모지상주의,641253
1839,2018,요리GO,703849
1840,2018,용이산다,568986
1841,2018,우리 오빠는 아...,700843
1842,2018,우리집에 곰이 ...,690594
1843,2018,우주최강대스타,721462
1844,2018,웅이는 배고파,697535
1845,2018,원주민 공포만화,698918
1846,2018,위장불륜 (僞裝...,712901
1847,2018,윈드브레이커,602910
1848,2018,윌유메리미,616239
1849,2018,유미의 세포들,651673
1850,2018,유일무이 로맨스,709731
1851,2018,은주의 방 2~...,654138
1852,2018,이것도 친구라고,698888
1853,2018,이말년씨리즈 2...,704595
1854,2018,이별만화 완성도,654333
1855,2018,이상하고 아름다운,668723
1856,2018,이츠마인,710760
1857,2018,인간의 숲,697654
1858,2018,일렉시드,717481
1859,2018,일진에게 회초리,710756
1860,2018,일진이 사나워,721949
1861,2018,자취로운 생활,714834
1862,2018,자판귀,703850
1863,2018,전자오락수호대,637931
1864,2018,점핑오버,703833
1865,2018,제로게임,676695
1866,2018,조선왕조실톡,642598
1867,2018,조선좀비실록,509094
1868,2018,조선팔도 최강아...,721915
1869,2018,조의 영역,697656
1870,2018,좀비딸,715772
1871,2018,좋아하는 부분,699659
1872,2018,죽음에 관하여,703845
1873,2018,지금 이 순간 ...,681453
1874,2018,진눈깨비 소년,622643
1875,2018,집이 없어,721433
1876,2018,찬란하지 않아도...,698247
1877,2018,참새는 새!신부,713289
1878,2018,창궐,703855
1879,2018,첩보의 별 시즌2,686669
1880,2018,체크포인트,677452
1881,2018,최강전설 강해효,570506
1882,2018,치즈인더트랩,720121
1883,2018,칼부림,602916
1884,2018,캉타우,714293
1885,2018,쿠베라,131385
1886,2018,클로즈업,721456
1887,2018,킬더킹,670145
1888,2018,킬러분식,720117
1889,2018,타인은 지옥이다,708378
1890,2018,탈(TAL),316911
1891,2018,테러맨,670149
1892,2018,트럼프,524520
1893,2018,트롤트랩,701700
1894,2018,특수 영능력 수...,160469
1895,2018,팀 피닉스,658076
1896,2018,파도를 찾아라!,703836
1897,2018,파리의 우리동네,721458
1898,2018,파우스트 인 러브,703848
1899,2018,패밀리 사이즈,626906
1900,2018,퍼스트 미션,694131
1901,2018,펀브로커,710765
1902,2018,평범한 8반,597478
1903,2018,푸들과 Dog거중,721559
1904,2018,푸른사막 아아루,697254
1905,2018,프리드로우,597447
1906,2018,피에는 피,696617
1907,2018,피플,706590
1908,2018,하나의 하루,694805
1909,2018,하드캐리,710761
1910,2018,하루 3컷,644180
1911,2018,하르모니아,709732
1912,2018,하이브 3,675331
1913,2018,한국만화 1990,703840
1914,2018,한남동 케이하우스,718707
1915,2018,한번 더 해요,675393
1916,2018,허니버니,719277
1917,2018,허니허니 웨딩,697537
1918,2018,헬58,719508
1919,2018,헬퍼 2 : 킬...,670143
1920,2018,혈투,710752
1921,2018,호곡,713055
1922,2018,호랑이형님,650305
1923,2018,호랭총각,22897
1924,2018,호러와 로맨스,710748
1925,2018,홍시는 날 좋아...,703839
1926,2018,홍차리브레,703838
1927,2018,화장 지워주는 ...,710754
1928,2018,환상적인 소년,705328
1929,2018,환생동물학교,700139
1930,2018,황금의 핸드메이커,710763
1931,2018,히어로메이커,21815
1932,2018,Doll 체인지,693444
1933,2018,Here U A...,721109
1934,2018,MZ-레이징 인...,712694
1935,2018,MZ-퓨어 이블,694191
1936,2018,Penguin ...,169080
1937,2018,10월 28일,702423
1938,2018,12차원 소년들,717059
1939,2018,1인용 기분,703835
1940,2018,2018 루키 ...,717031
1941,2018,2018 재생금지,714568
1942,2018,203호 저승사자,670140
1943,2018,2D남친 별책부록,721260
1944,2018,2인용 인간,710769
1945,2018,35cm,703847
1946,2018,5kg을 위하여,710639
1947,2018,8월의 눈보라,703856
1948,2018,ㄹㅇ 관종,710764
1949,2019,가담항설,670144
1950,2019,가령의 정체불명...,732071
1951,2019,가비지타임,703844
1952,2019,가슴털 로망스,729963
1953,2019,가우스전자 시즌...,675554
1954,2019,가타부타타,729040
1955,2019,간 떨어지는 동거,699415
1956,2019,감히,738177
1957,2019,갓 오브 하이스쿨,318995
1958,2019,갓!김치,730258
1959,2019,갓도령스,732255
1960,2019,갓물주,731297
1961,2019,갓핑크,715159
1962,2019,강남도깨비,733728
1963,2019,강변살다,578108
1964,2019,같은도장,725830
1965,2019,개를 낳았다,712362
1966,2019,개장수,729255
1967,2019,걸어서 30분,700844
1968,2019,검은인간,718021
1969,2019,겟라이프,733076
1970,2019,겟백,727798
1971,2019,격기3반,701535
1972,2019,결계녀,668101
1973,2019,고교생을 환불해...,708453
1974,2019,고래별,729767
1975,2019,고삼무쌍,728126
1976,2019,고수,662774
1977,2019,고인의 명복,716776
1978,2019,골든 체인지,685460
1979,2019,공복의 저녁식사,642700
1980,2019,공유몽,729047
1981,2019,괴물신부,728751
1982,2019,교환일기,727826
1983,2019,구구까까,684435
1984,2019,구독금지,730466
1985,2019,구름이 피워낸 꽃,727476
1986,2019,구원자,733284
1987,2019,귀각시,679570
1988,2019,귀곡의 문,718020
1989,2019,귀신이지만 사랑...,735982
1990,2019,귀인,724817
1991,2019,귀전구담,694946
1992,2019,그 판타지 세계...,316909
1993,2019,그날 죽은 나는,731019
1994,2019,그녀의 버킷리스트,734012
1995,2019,그놈은 흑염룡,733080
1996,2019,그래서 나는 안...,721457
1997,2019,그랜드 배틀 토...,710755
1998,2019,극야,721463
1999,2019,금붕어,723790
2000,2019,금요일 베스트,720128
2001,2019,금혼령-조선혼인...,729938
2002,2019,기기괴괴,557672
2003,2019,깁스맨,733077
2004,2019,꼬리,703851
2005,2019,꼬맹이를 부탁해!,733395
2006,2019,꽃 피는 날,703841
2007,2019,꽃미남 저승사자,721461
2008,2019,꿀벌과 아카시아,722728
2009,2019,꿈의 기업,687915
2010,2019,나는 남 너는 녀,721920
2011,2019,나를 바꿔줘,733280
2012,2019,나의 우주,731939
2013,2019,나이트런,64997
2014,2019,난약,729044
2015,2019,날 가져요,721459
2016,2019,내 어린고양이와...,720120
2017,2019,내 여자친구는 ...,713581
2018,2019,내일,695796
2019,2019,냐한남자,708452
2020,2019,냥하무인,719507
2021,2019,너에게만 보이는,733006
2022,2019,노곤하개,702672
2023,2019,노블레스,25455
2024,2019,놓지마 정신줄 ...,682637
2025,2019,늑대와 빨간모자,716163
2026,2019,니편내편,702422
2027,2019,다이스(DICE),557676
2028,2019,닥터 프로스트 ...,655749
2029,2019,닥터 하운드,700858
2030,2019,닥터앤닥터 육아...,732955
2031,2019,닭강정,734008
2032,2019,당신의 과녁,738194
2033,2019,대표님이 구독하...,729089
2034,2019,대학일기,679519
2035,2019,더 게이머,552960
2036,2019,더 복서,736989
2037,2019,데드라이프,713975
2038,2019,데우스 엑스 마...,720116
2039,2019,덴마,119874
2040,2019,도롱이,737839
2041,2019,도망자,690503
2042,2019,도사 가온,733277
2043,2019,도플갱어의 게임,728007
2044,2019,동토의 여명,678494
2045,2019,돼지만화,728061
2046,2019,돼지우리,724854
2047,2019,두근두근 마감 중,729003
2048,2019,둥굴레차!,626939
2049,2019,땅 보고 걷는 ...,725831
2050,2019,라스트 서브미션,723357
2051,2019,라일락 200%,736641
2052,2019,랜덤채팅의 그녀!,702608
2053,2019,럭키언럭키,736281
2054,2019,레사 시즌2~3,603159
2055,2019,로그아웃,733033
2056,2019,로베스의 완전감각,716164
2057,2019,롤랑롤랑,715935
2058,2019,루시퍼의 경호원,730202
2059,2019,링크보이,714185
2060,2019,마도,737021
2061,2019,마루한 - 구현...,624632
2062,2019,마법스크롤 상인...,655746
2063,2019,마왕이 되는 중...,694807
2064,2019,마음의 숙제,721919
2065,2019,마음의소리,20853
2066,2019,만물의 영장,729964
2067,2019,만찢남녀,733274
2068,2019,맘마미안,729326
2069,2019,머니게임,720190
2070,2019,머리카락을 뽑으면,729038
2071,2019,먹이,724274
2072,2019,먹지마세요,735078
2073,2019,메이크 업 드림...,733488
2074,2019,모락모락 왕세자님,734918
2075,2019,모죠의 일지,728015
2076,2019,모퉁이 뜨개방,727191
2077,2019,몽연,723362
2078,2019,몽홀,644112
2079,2019,무모협지,726842
2080,2019,무주의 맹시,726454
2081,2019,문래빗,710758
2082,2019,물레,737020
2083,2019,미드나잇 체이서,724482
2084,2019,미시령,697533
2085,2019,민간인 통제구역,737377
2086,2019,밀웜,734041
2087,2019,바른연애 길잡이,703852
2088,2019,밤하늘에 구름운,736274
2089,2019,밥 먹고 갈래요?,651664
2090,2019,방 안의 코끼리,718017
2091,2019,방백남녀,703631
2092,2019,방탈출,733034
2093,2019,백귀야행지,646358
2094,2019,백수세끼,733074
2095,2019,뱀파이어의 꽃,721455
2096,2019,버그,724431
2097,2019,법대로 사랑하라,734011
2098,2019,별이삼샵,737628
2099,2019,별종,738144
2100,2019,병의 기록,728619
2101,2019,병의 맛,714839
2102,2019,복학생 정순이,735243
2103,2019,복학왕,626907
2104,2019,부로콜리왕자,710741
2105,2019,부활남,670139
2106,2019,불릿 6미리,738843
2107,2019,뷰티풀 군바리,648419
2108,2019,블랙엔젤,720810
2109,2019,블루투스,737378
2110,2019,비둘기가 물고 ...,710390
2111,2019,비질란테,703843
2112,2019,빙탕후루,695321
2113,2019,사냥개들,727784
2114,2019,사라지다,722725
2115,2019,사소한 냐냐,730811
2116,2019,사신소년,730656
2117,2019,사우러스,726211
2118,2019,사이드킥 2~3,642653
2119,2019,살人스타그램,726095
2120,2019,살인자o난감 (...,719899
2121,2019,삶이 우리를 속...,726212
2122,2019,삼국지톡,711422
2123,2019,선녀야 야옹해봐!,738547
2124,2019,성공한 덕후,703628
2125,2019,세상은 돈과 권력,710747
2126,2019,셈하는 사이,738173
2127,2019,셧업앤댄스,737032
2128,2019,소녀 연대기,718016
2129,2019,소녀의 세계,654774
2130,2019,소심한 팔레트,729571
2131,2019,소유,707671
2132,2019,속삭이는 e로맨스,723414
2133,2019,수능일기,734348
2134,2019,수학 잘하는 법,703853
2135,2019,숨:킬더바디,729259
2136,2019,숲속의 담,738145
2137,2019,스위트홈,701081
2138,2019,스터디그룹,721948
2139,2019,스테어스,736928
2140,2019,스퍼맨: 현자단...,730259
2141,2019,식스틴,703854
2142,2019,신과함께,697685
2143,2019,신도림,683496
2144,2019,신석기녀,703308
2145,2019,신선비,735254
2146,2019,신시의 손님,718022
2147,2019,신암행어사,703307
2148,2019,신을 죽이는 방법,714886
2149,2019,신의 언어,602287
2150,2019,신의 탑,183559
2151,2019,싸움독학,736277
2152,2019,썸머 브리즈,732056
2153,2019,쎈놈,720127
2154,2019,씬커,635174
2155,2019,아는 여자애,738809
2156,2019,아도나이,725829
2157,2019,아르마,710768
2158,2019,아메리카노 엑소...,622644
2159,2019,아이키우는만화,737835
2160,2019,아홉수 우리들,724815
2161,2019,악마와 계약연애,710750
2162,2019,악취,729946
2163,2019,안개무덤,731930
2164,2019,"안녕, 대학생",703633
2165,2019,안식의 밤,738483
2166,2019,알고있지만,718018
2167,2019,알파,723007
2168,2019,암흑도시,710081
2169,2019,압락사스,729563
2170,2019,약한영웅,710751
2171,2019,어글리 피플즈,732953
2172,2019,어글리후드,703630
2173,2019,어쩐지 수상하더라,733137
2174,2019,어쩔꼰대,730389
2175,2019,언덕 위의 제임스,671421
2176,2019,언데드,706770
2177,2019,언원티드,698469
2178,2019,얼굴천재,735979
2179,2019,에이머,400739
2180,2019,에이틴,720716
2181,2019,엔드리스,710767
2182,2019,여고전설,736227
2183,2019,여기 악마가 있어,734399
2184,2019,여기가 씨름부입...,722591
2185,2019,여신강림,703846
2186,2019,여주실격!,738143
2187,2019,연놈,667573
2188,2019,연애의 정령,651617
2189,2019,연애혁명,570503
2190,2019,열대어,703629
2191,2019,열등의 조건,733638
2192,2019,열렙전사,670152
2193,2019,"열렬하게, 단하나",722542
2194,2019,열불 로맨스,725552
2195,2019,열정호구,686312
2196,2019,옆반의 인어,709992
2197,2019,옆집친구,718019
2198,2019,오늘도 사랑스럽개,699658
2199,2019,오늘도 사랑하세요,733768
2200,2019,오늘의 순정망화,716857
2201,2019,오라존미,722386
2202,2019,오로지 너를 이...,730657
2203,2019,오버더문,737836
2204,2019,오일머니,726091
2205,2019,오직 나의 주인님,703635
2206,2019,올가미,732988
2207,2019,와장창창! 자취맨,711899
2208,2019,왕으로 살다,713294
2209,2019,외모지상주의,641253
2210,2019,요괴대전,726189
2211,2019,요리GO,703849
2212,2019,용비불패 완전판,723714
2213,2019,용이산다,568986
2214,2019,우리 오빠는 아...,700843
2215,2019,우주최강대스타,721462
2216,2019,웅이는 배고파,697535
2217,2019,원수를 사랑하라,733079
2218,2019,원주민 공포만화,698918
2219,2019,위대한 방옥숙,727838
2220,2019,위장불륜 (僞裝...,712901
2221,2019,위험한 신입사원,729883
2222,2019,윈드브레이커,602910
2223,2019,윌유메리미,616239
2224,2019,유령극단,732256
2225,2019,유미의 세포들,651673
2226,2019,유일무이 로맨스,709731
2227,2019,은주의 방 2~...,654138
2228,2019,이것도 친구라고,698888
2229,2019,이계 무슨 황비,729086
2230,2019,이두나!,731130
2231,2019,이상하고 아름다운,668723
2232,2019,이제 곧 죽습니다,727189
2233,2019,이츠마인,710760
2234,2019,인간의 온도,733770
2235,2019,인생존망,733766
2236,2019,인싸라이프,732224
2237,2019,인어를 위한 수...,728900
2238,2019,일렉시드,717481
2239,2019,일진이 사나워,721949
2240,2019,자취로운 생활,714834
2241,2019,자판귀,703850
2242,2019,장단에 맞춰줘!,735247
2243,2019,장씨세가 호위무사,728750
2244,2019,재혼 황후,735661
2245,2019,저세상 클라스!,733765
2246,2019,저승사자 출입금지,736699
2247,2019,전자오락수호대,637931
2248,2019,점핑오버,703833
2249,2019,정년이,726214
2250,2019,정보전사 202,733078
2251,2019,정순애 식당,731978
2252,2019,제로게임,676695
2253,2019,조선팔도 최강아...,721915
2254,2019,조선홍보대행사 ...,737019
2255,2019,조의 영역,697656
2256,2019,좀비딸,715772
2257,2019,좋아하는 부분,699659
2258,2019,중증외상센터 :...,738174
2259,2019,지구멸망버튼,738488
2260,2019,지옥,730465
2261,2019,집이 없어,721433
2262,2019,찬란하지 않아도...,698247
2263,2019,참새는 새!신부,713289
2264,2019,창궐,703855
2265,2019,천리마 네버다이,733413
2266,2019,천사가 아니야,729084
2267,2019,첫사랑입니다만,727836
2268,2019,체크포인트,677452
2269,2019,초인의 시대,730694
2270,2019,최강전설 강해효,570506
2271,2019,취사병 전설이 ...,727188
2272,2019,츄억보정,733282
2273,2019,치즈인더트랩,720121
2274,2019,친애하는 X,730204
2275,2019,칼가는 소녀,730174
2276,2019,칼부림,602916
2277,2019,캉타우,714293
2278,2019,캐슬,736744
2279,2019,커넥트,727268
2280,2019,쿠베라,131385
2281,2019,클로즈업,721456
2282,2019,킬더킹,670145
2283,2019,킬러분식,720117
2284,2019,킬링타임,731063
2285,2019,타인은 지옥이다,708378
2286,2019,타인의 로맨스,729043
2287,2019,타인지옥 - 연...,732403
2288,2019,탑코너,732021
2289,2019,텃밭부 사건일지,732259
2290,2019,테러맨,670149
2291,2019,트럼프,524520
2292,2019,트롤트랩,701700
2293,2019,특수 영능력 수...,160469
2294,2019,틴맘,726467
2295,2019,파도를 찾아라!,703836
2296,2019,파리의 우리동네,721458
2297,2019,판타지 여동생!,730425
2298,2019,패밀리 사이즈,626906
2299,2019,펀브로커,710765
2300,2019,평범한 8반,597478
2301,2019,평행도시,730607
2302,2019,푸들과 Dog거중,721559
2303,2019,푸른사막 아아루,697254
2304,2019,퓨리스틱,733771
2305,2019,프리드로우,597447
2306,2019,플랫다이어리,724965
2307,2019,피와 살,730148
2308,2019,피플,706590
2309,2019,하나의 하루,694805
2310,2019,하늘쌤은 피곤해,723758
2311,2019,하드캐리,710761
2312,2019,하루,733746
2313,2019,하루만 네가 되...,738487
2314,2019,하르모니아,709732
2315,2019,하슬라,730391
2316,2019,하우스키퍼,723046
2317,2019,한국만화 또 다...,723862
2318,2019,한남동 케이하우스,718707
2319,2019,합격시켜주세용,728128
2320,2019,합법해적 파르페,729036
2321,2019,행성인간,733047
2322,2019,허니버니,719277
2323,2019,허니허니 웨딩,697537
2324,2019,헬58,719508
2325,2019,헬퍼 2 : 킬...,670143
2326,2019,헬프탑,726210
2327,2019,현혹,734040
2328,2019,혈투,710752
2329,2019,호곡,713055
2330,2019,호랑이형님,650305
2331,2019,호랭총각,22897
2332,2019,호러와 로맨스,710748
2333,2019,호러전파상,729037
2334,2019,홍시는 날 좋아...,703839
2335,2019,홍차리브레,703838
2336,2019,화양연화 Pt....,722382
2337,2019,화장 지워주는 ...,710754
2338,2019,환상적인 소년,705328
2339,2019,황금의 핸드메이커,710763
2340,2019,회춘,737018
2341,2019,후덜덜덜 남극전자,732036
2342,2019,히어로메이커,21815
2343,2019,Doll 체인지,693444
2344,2019,FM보이,737009
2345,2019,Here U A...,721109
2346,2019,MZ-레이징 인...,712694
2347,2019,12차원 소년들,717059
2348,2019,1초,725586
2349,2019,2019 귀신사...,729049
2350,2019,2019 루키 ...,733081
2351,2019,2019 병영일기,723365
2352,2019,203호 저승사자,670140
2353,2019,27-10,725217
2354,2019,2D남친 별책부록,721260
2355,2019,2인용 인간,710769
2356,2019,35cm,703847
2357,2019,3cm 헌터,733458
2358,2019,5kg을 위하여,710639
2359,2019,8월의 눈보라,703856
2360,2019,9등급 뒤집기,737831
2361,2020,가담항설,670144
2362,2020,가령의 정체불명...,732071
2363,2020,가비지타임,703844
2364,2020,가슴털 로망스,729963
2365,2020,가타부타타,729040
2366,2020,간 떨어지는 동거,699415
2367,2020,감히,738177
2368,2020,갑자기 커피,742048
2369,2020,갓 오브 하이스쿨,318995
2370,2020,갓!김치,730258
2371,2020,갓도령스,732255
2372,2020,갓물주,731297
2373,2020,갓핑크,715159
2374,2020,강남도깨비,733728
2375,2020,같은도장,725830
2376,2020,개미,740386
2377,2020,거미,739112
2378,2020,걸어서 30분,700844
2379,2020,검은인간,718021
2380,2020,겟라이프,733076
2381,2020,겟백,727798
2382,2020,격기3반,701535
2383,2020,견우와 선녀,740034
2384,2020,결백한 사람은 ...,744375
2385,2020,결혼생활 그림일기,741891
2386,2020,고래별,729767
2387,2020,고삼무쌍,728126
2388,2020,고수,662774
2389,2020,고인의 명복,716776
2390,2020,골든 체인지,685460
2391,2020,공유몽,729047
2392,2020,괴물신부,728751
2393,2020,교환일기,727826
2394,2020,구독금지,730466
2395,2020,구름이 피워낸 꽃,727476
2396,2020,구원자,733284
2397,2020,귀곡의 문,718020
2398,2020,귀신이지만 사랑...,735982
2399,2020,귀인,724817
2400,2020,귀전구담,694946
2401,2020,그 판타지 세계...,316909
2402,2020,그날 죽은 나는,731019
2403,2020,그녀의 버킷리스트,734012
2404,2020,그놈은 흑염룡,733080
2405,2020,그래서 나는 안...,721457
2406,2020,극야,721463
2407,2020,금붕어,723790
2408,2020,금요일 베스트,720128
2409,2020,금혼령-조선혼인...,729938
2410,2020,기억흔적,739113
2411,2020,깁스맨,733077
2412,2020,꼬리 있는 연애,741894
2413,2020,꼬맹이를 부탁해!,733395
2414,2020,꽃 피는 날,703841
2415,2020,꽃만 키우는데 ...,741825
2416,2020,꽃미남 저승사자,721461
2417,2020,꿀벌과 아카시아,722728
2418,2020,꿈의 기업,687915
2419,2020,나를 바꿔줘,733280
2420,2020,나쁜 쪽으로,739350
2421,2020,나의 우주,731939
2422,2020,나의 첫번째 새벽,742349
2423,2020,나이트런,64997
2424,2020,난약,729044
2425,2020,날 가져요,721459
2426,2020,내 어린고양이와...,720120
2427,2020,내 여자친구는 ...,713581
2428,2020,내일,695796
2429,2020,냐한남자,708452
2430,2020,너에게만 보이는,733006
2431,2020,너의 미소가 함정,741467
2432,2020,노곤하개,702672
2433,2020,노력의 결과,742889
2434,2020,누군가의 로섬,742888
2435,2020,니편내편,702422
2436,2020,다이스(DICE),557676
2437,2020,다함께 이겨내요,740079
2438,2020,닥터 프로스트 ...,655749
2439,2020,닥터 하운드,700858
2440,2020,닥터앤닥터 육아...,732955
2441,2020,닭강정,734008
2442,2020,당신의 과녁,738194
2443,2020,당신의 향수,741150
2444,2020,대표님이 구독하...,729089
2445,2020,더 게이머,552960
2446,2020,더 복서,736989
2447,2020,데드라이프,713975
2448,2020,도롱이,737839
2449,2020,도망자,690503
2450,2020,도사 가온,733277
2451,2020,도플갱어의 게임,728007
2452,2020,동토의 여명,678494
2453,2020,돼지우리,724854
2454,2020,두근두근 마감 중,729003
2455,2020,두번째 생일,739292
2456,2020,땅 보고 걷는 ...,725831
2457,2020,또한번 엔딩,739166
2458,2020,라스트 서브미션,723357
2459,2020,라일락 200%,736641
2460,2020,랜덤채팅의 그녀!,702608
2461,2020,럭키언럭키,736281
2462,2020,레사 시즌2~3,603159
2463,2020,로그아웃,733033
2464,2020,로베스의 완전감각,716164
2465,2020,롤랑롤랑,715935
2466,2020,루시퍼의 경호원,730202
2467,2020,링크보이,714185
2468,2020,마도,737021
2469,2020,마루한 - 구현...,624632
2470,2020,마법스크롤 상인...,655746
2471,2020,마왕이 되는 중...,694807
2472,2020,마음의 숙제,721919
2473,2020,마음의소리,20853
2474,2020,만물의 영장,729964
2475,2020,만찢남녀,733274
2476,2020,맘마미안,729326
2477,2020,머니게임,720190
2478,2020,머리카락을 뽑으면,729038
2479,2020,먹이,724274
2480,2020,먹지마세요,735078
2481,2020,모락모락 왕세자님,734918
2482,2020,모죠의 일지,728015
2483,2020,모퉁이 뜨개방,727191
2484,2020,몽홀,644112
2485,2020,무모협지,726842
2486,2020,무주의 맹시,726454
2487,2020,문래빗,710758
2488,2020,물레,737020
2489,2020,미드나잇 체이서,724482
2490,2020,미래의 골동품 ...,742105
2491,2020,민간인 통제구역,737377
2492,2020,밀웜,734041
2493,2020,바른연애 길잡이,703852
2494,2020,밤하늘에 구름운,736274
2495,2020,방 안의 코끼리,718017
2496,2020,방탈출,733034
2497,2020,백귀야행지,646358
2498,2020,백수세끼,733074
2499,2020,뱀파이어의 꽃,721455
2500,2020,버그,724431
2501,2020,법대로 사랑하라,734011
2502,2020,별이삼샵,737628
2503,2020,별종,738144
2504,2020,병의 기록,728619
2505,2020,복학생 정순이,735243
2506,2020,복학왕,626907
2507,2020,부로콜리왕자,710741
2508,2020,불릿 6미리,738843
2509,2020,불발소년,743721
2510,2020,블랙엔젤,720810
2511,2020,블루투스,737378
2512,2020,비질란테,703843
2513,2020,빙탕후루,695321
2514,2020,사냥개들,727784
2515,2020,사소한 냐냐,730811
2516,2020,사신소년,730656
2517,2020,사우러스,726211
2518,2020,사이드킥 2~3,642653
2519,2020,사장님을 잠금해제,743031
2520,2020,살人스타그램,726095
2521,2020,삶이 우리를 속...,726212
2522,2020,삼국지톡,711422
2523,2020,선녀야 야옹해봐!,738547
2524,2020,세상은 돈과 권력,710747
2525,2020,셈하는 사이,738173
2526,2020,셧업앤댄스,737032
2527,2020,소녀 연대기,718016
2528,2020,소녀180,742351
2529,2020,소녀재판,743838
2530,2020,소심한 팔레트,729571
2531,2020,속삭이는 e로맨스,723414
2532,2020,손아귀,739439
2533,2020,수평선,744081
2534,2020,숲속의 담,738145
2535,2020,스위트홈,701081
2536,2020,스윗솔티,743423
2537,2020,스터디그룹,721948
2538,2020,스테어스,736928
2539,2020,스퍼맨 시즌2,743720
2540,2020,스퍼맨: 현자단...,730259
2541,2020,신도림,683496
2542,2020,신비,740487
2543,2020,신상 미스터리 ...,740377
2544,2020,신선비,735254
2545,2020,신을 죽이는 방법,714886
2546,2020,신의 언어,602287
2547,2020,신의 탑,183559
2548,2020,싸움독학,736277
2549,2020,씬커,635174
2550,2020,아는 여자애,738809
2551,2020,아도나이,725829
2552,2020,아르마,710768
2553,2020,아르세니아의 마...,741458
2554,2020,아이고 아이고,739114
2555,2020,아이키우는만화,737835
2556,2020,아홉수 우리들,724815
2557,2020,악마와 계약연애,710750
2558,2020,악취,729946
2559,2020,안개무덤,731930
2560,2020,안식의 밤,738483
2561,2020,압락사스,729563
2562,2020,앵무살수,739115
2563,2020,야자괴담,743025
2564,2020,약한영웅,710751
2565,2020,어글리 피플즈,732953
2566,2020,어글리후드,703630
2567,2020,어른의 계절,740135
2568,2020,어서와,741928
2569,2020,어쩐지 수상하더라,733137
2570,2020,어쩔꼰대,730389
2571,2020,언덕 위의 제임스,671421
2572,2020,언데드,706770
2573,2020,얼굴천재,735979
2574,2020,에이머,400739
2575,2020,여고전설,736227
2576,2020,여기 악마가 있어,734399
2577,2020,여신강림,703846
2578,2020,여주실격!,738143
2579,2020,연놈,667573
2580,2020,연애혁명,570503
2581,2020,열등의 조건,733638
2582,2020,열렙전사,670152
2583,2020,"열렬하게, 단하나",722542
2584,2020,열불 로맨스,725552
2585,2020,열정호구,686312
2586,2020,옆반의 인어,709992
2587,2020,옆집친구,718019
2588,2020,오늘도 사랑하세요,733768
2589,2020,오라존미,722386
2590,2020,오로지 너를 이...,730657
2591,2020,오버더문,737836
2592,2020,오일머니,726091
2593,2020,오파츠,744381
2594,2020,올가미,732988
2595,2020,왕세자 입학도,739411
2596,2020,외모지상주의,641253
2597,2020,요괴대전,726189
2598,2020,요리GO,703849
2599,2020,용비불패 완전판,723714
2600,2020,용왕님의 셰프가...,741449
2601,2020,용이산다,568986
2602,2020,우리 오빠는 아...,700843
2603,2020,우주최강대스타,721462
2604,2020,웅이는 배고파,697535
2605,2020,원수를 사랑하라,733079
2606,2020,원주민 공포만화,698918
2607,2020,위대한 방옥숙,727838
2608,2020,위험한 신입사원,729883
2609,2020,윈드브레이커,602910
2610,2020,윌유메리미,616239
2611,2020,유령극단,732256
2612,2020,유미의 세포들,651673
2613,2020,유일무이 로맨스,709731
2614,2020,은주의 방 2~...,654138
2615,2020,이것도 친구라고,698888
2616,2020,이계 무슨 황비,729086
2617,2020,이두나!,731130
2618,2020,이제 곧 죽습니다,727189
2619,2020,이츠마인,710760
2620,2020,인간의 온도,733770
2621,2020,인생존망,733766
2622,2020,인싸라이프,732224
2623,2020,인어를 위한 수...,728900
2624,2020,일렉시드,717481
2625,2020,일진이 사나워,721949
2626,2020,자취로운 생활,714834
2627,2020,자판귀,703850
2628,2020,장단에 맞춰줘!,735247
2629,2020,장씨세가 호위무사,728750
2630,2020,재혼 황후,735661
2631,2020,저세상 클라스!,733765
2632,2020,저승사자 출입금지,736699
2633,2020,전자오락수호대,637931
2634,2020,점핑오버,703833
2635,2020,정년이,726214
2636,2020,정보전사 202,733078
2637,2020,정순애 식당,731978
2638,2020,제로게임,676695
2639,2020,조선홍보대행사 ...,737019
2640,2020,좀비딸,715772
2641,2020,죽여주는 탐정님,744313
2642,2020,중독연구소,740132
2643,2020,중증외상센터 :...,738174
2644,2020,지구멸망버튼,738488
2645,2020,지옥,730465
2646,2020,집사레인저,743270
2647,2020,집이 없어,721433
2648,2020,참새는 새!신부,713289
2649,2020,천도,740481
2650,2020,천사가 아니야,729084
2651,2020,첫사랑입니다만,727836
2652,2020,체크포인트,677452
2653,2020,초인의 시대,730694
2654,2020,최강전설 강해효,570506
2655,2020,취사병 전설이 ...,727188
2656,2020,친애하는 X,730204
2657,2020,칼가는 소녀,730174
2658,2020,칼부림,602916
2659,2020,캐슬,736744
2660,2020,커넥트,727268
2661,2020,쿠베라,131385
2662,2020,킬더킹,670145
2663,2020,킬링타임,731063
2664,2020,타인의 로맨스,729043
2665,2020,탑코너,732021
2666,2020,텃밭부 사건일지,732259
2667,2020,테러맨,670149
2668,2020,토끼대왕,742826
2669,2020,트럼프,524520
2670,2020,트롤트랩,701700
2671,2020,특수 영능력 수...,160469
2672,2020,틴맘,726467
2673,2020,판타지 여동생!,730425
2674,2020,패밀리 사이즈,626906
2675,2020,평범한 8반,597478
2676,2020,평행도시,730607
2677,2020,푸른사막 아아루,697254
2678,2020,프리드로우,597447
2679,2020,플랫다이어리,724965
2680,2020,피라미드 게임,739127
2681,2020,피와 살,730148
2682,2020,피플,706590
2683,2020,하드캐리,710761
2684,2020,하루,733746
2685,2020,하루만 네가 되...,738487
2686,2020,하르모니아,709732
2687,2020,하슬라,730391
2688,2020,하우스키퍼,723046
2689,2020,학교정벌,739097
2690,2020,함부로 대해줘,742782
2691,2020,합격시켜주세용,728128
2692,2020,합법해적 파르페,729036
2693,2020,행성인간,733047
2694,2020,헬58,719508
2695,2020,헬로도사,742352
2696,2020,헬퍼 2 : 킬...,670143
2697,2020,헬프탑,726210
2698,2020,현혹,734040
2699,2020,호곡,713055
2700,2020,호랑이형님,650305
2701,2020,호랭총각,22897
2702,2020,호러전파상,729037
2703,2020,홍시는 날 좋아...,703839
2704,2020,화이트 블러드,739503
2705,2020,화장 지워주는 ...,710754
2706,2020,회춘,737018
2707,2020,후덜덜덜 남극전자,732036
2708,2020,히어로메이커,21815
2709,2020,Doll 체인지,693444
2710,2020,FM보이,737009
2711,2020,Here U A...,721109
2712,2020,11me,740482
2713,2020,1초,725586
2714,2020,203호 저승사자,670140
2715,2020,2인용 인간,710769
2716,2020,3cm 헌터,733458
2717,2020,5kg을 위하여,710639
2718,2020,8월의 눈보라,703856
2719,2020,9등급 뒤집기,737831
